Yardline,Quarter,Yds_to_go,Time_remaining,Wind_speed,Timeouts,Score_differential,Offense_strength,Opp_defense_strength
66.0,1.0,1.0,3425.0,8.0,3.0,0.0,-0.0579264296982367,-0.0066225897041464
71.0,1.0,6.0,3412.0,8.0,3.0,0.0,-0.0579264296982367,-0.0066225897041464
32.0,1.0,15.0,2741.0,8.0,3.0,0.0,-0.0579264296982367,-0.0066225897041464
53.0,3.0,2.0,1363.0,8.0,3.0,3.0,-0.0579264296982367,-0.0066225897041464
42.0,3.0,1.0,946.0,8.0,3.0,3.0,-0.0579264296982367,-0.0066225897041464
78.0,4.0,18.0,779.0,8.0,3.0,3.0,-0.0579264296982367,-0.0066225897041464
27.0,4.0,14.0,463.0,8.0,3.0,3.0,-0.0579264296982367,-0.0066225897041464
19.0,4.0,16.0,342.0,8.0,3.0,3.0,-0.0579264296982367,-0.0066225897041464
42.0,1.0,11.0,3118.0,7.0,3.0,-7.0,-0.0579264296982367,-0.1254975692627722
28.0,2.0,2.0,2700.0,7.0,3.0,-18.0,-0.0579264296982367,-0.1254975692627722
64.0,2.0,7.0,2243.0,7.0,3.0,-18.0,-0.0579264296982367,-0.1254975692627722
79.0,3.0,22.0,1002.0,7.0,2.0,-1.0,-0.0579264296982367,-0.1254975692627722
31.0,4.0,11.0,683.0,7.0,2.0,-1.0,-0.0579264296982367,-0.1254975692627722
23.0,4.0,7.0,177.0,7.0,0.0,2.0,-0.0579264296982367,-0.1254975692627722
51.0,1.0,9.0,3497.0,8.0,3.0,0.0,-0.0579264296982367,0.0197810534638609
61.0,1.0,19.0,3485.0,8.0,3.0,0.0,-0.0579264296982367,0.0197810534638609
66.0,1.0,24.0,3482.0,8.0,3.0,0.0,-0.0579264296982367,0.0197810534638609
86.0,1.0,2.0,3241.0,8.0,3.0,0.0,-0.0579264296982367,0.0197810534638609
25.0,2.0,5.0,2471.0,8.0,3.0,7.0,-0.0579264296982367,0.0197810534638609
75.0,2.0,8.0,2160.0,8.0,2.0,10.0,-0.0579264296982367,0.0197810534638609
39.0,2.0,8.0,1805.0,8.0,0.0,3.0,-0.0579264296982367,0.0197810534638609
19.0,3.0,5.0,1524.0,8.0,3.0,6.0,-0.0579264296982367,0.0197810534638609
78.0,3.0,13.0,1113.0,8.0,3.0,2.0,-0.0579264296982367,0.0197810534638609
66.0,4.0,3.0,725.0,8.0,3.0,2.0,-0.0579264296982367,0.0197810534638609
49.0,4.0,2.0,134.0,8.0,0.0,-1.0,-0.0579264296982367,0.0197810534638609
35.0,4.0,1.0,67.0,8.0,0.0,-1.0,-0.0579264296982367,0.0197810534638609
67.0,1.0,13.0,3337.0,2.0,3.0,0.0,-0.0579264296982367,-0.0281221607247085
79.0,1.0,2.0,3118.0,2.0,3.0,0.0,-0.0579264296982367,-0.0281221607247085
94.0,1.0,9.0,2809.0,2.0,3.0,0.0,-0.0579264296982367,-0.0281221607247085
5.0,2.0,4.0,2575.0,2.0,3.0,-7.0,-0.0579264296982367,-0.0281221607247085
48.0,2.0,14.0,2297.0,2.0,3.0,-4.0,-0.0579264296982367,-0.0281221607247085
81.0,2.0,7.0,1991.0,2.0,3.0,-11.0,-0.0579264296982367,-0.0281221607247085
25.0,2.0,10.0,1808.0,2.0,0.0,-11.0,-0.0579264296982367,-0.0281221607247085
50.0,3.0,10.0,1547.0,2.0,3.0,-8.0,-0.0579264296982367,-0.0281221607247085
1.0,3.0,1.0,1066.0,2.0,2.0,-8.0,-0.0579264296982367,-0.0281221607247085
62.0,4.0,15.0,494.0,2.0,2.0,-9.0,-0.0579264296982367,-0.0281221607247085
50.0,4.0,10.0,48.0,2.0,1.0,-1.0,-0.0579264296982367,-0.0281221607247085
60.0,1.0,14.0,3011.0,16.0,3.0,7.0,-0.0579264296982367,-0.0628342032416156
8.0,2.0,2.0,2700.0,16.0,3.0,1.0,-0.0579264296982367,-0.0628342032416156
13.0,2.0,7.0,2700.0,16.0,3.0,1.0,-0.0579264296982367,-0.0628342032416156
46.0,2.0,6.0,2276.0,16.0,3.0,4.0,-0.0579264296982367,-0.0628342032416156
17.0,2.0,12.0,2074.0,16.0,2.0,4.0,-0.0579264296982367,-0.0628342032416156
71.0,2.0,1.0,1853.0,16.0,2.0,4.0,-0.0579264296982367,-0.0628342032416156
86.0,3.0,16.0,1509.0,16.0,3.0,4.0,-0.0579264296982367,-0.0628342032416156
69.0,3.0,4.0,1329.0,16.0,3.0,-3.0,-0.0579264296982367,-0.0628342032416156
44.0,4.0,6.0,823.0,16.0,2.0,-6.0,-0.0579264296982367,-0.0628342032416156
89.0,4.0,4.0,563.0,16.0,2.0,-6.0,-0.0579264296982367,-0.0628342032416156
71.0,4.0,4.0,344.0,16.0,2.0,-6.0,-0.0579264296982367,-0.0628342032416156
75.0,4.0,2.0,122.0,16.0,2.0,-6.0,-0.0579264296982367,-0.0628342032416156
21.0,4.0,8.0,20.0,16.0,0.0,-6.0,-0.0579264296982367,-0.0628342032416156
5.0,1.0,5.0,3315.0,6.0,3.0,0.0,-0.0579264296982367,0.0765909426965908
53.0,1.0,15.0,2931.0,6.0,3.0,10.0,-0.0579264296982367,0.0765909426965908
84.0,2.0,2.0,2700.0,6.0,3.0,10.0,-0.0579264296982367,0.0765909426965908
52.0,2.0,27.0,2436.0,6.0,3.0,10.0,-0.0579264296982367,0.0765909426965908
75.0,2.0,11.0,2241.0,6.0,3.0,10.0,-0.0579264296982367,0.0765909426965908
57.0,2.0,20.0,1869.0,6.0,3.0,3.0,-0.0579264296982367,0.0765909426965908
60.0,3.0,7.0,1263.0,6.0,3.0,0.0,-0.0579264296982367,0.0765909426965908
21.0,3.0,4.0,1052.0,6.0,3.0,0.0,-0.0579264296982367,0.0765909426965908
1.0,4.0,1.0,900.0,6.0,3.0,-4.0,-0.0579264296982367,0.0765909426965908
17.0,4.0,9.0,559.0,6.0,3.0,-4.0,-0.0579264296982367,0.0765909426965908
66.0,4.0,1.0,264.0,6.0,2.0,-4.0,-0.0579264296982367,0.0765909426965908
39.0,4.0,5.0,22.0,6.0,0.0,-4.0,-0.0579264296982367,0.0765909426965908
64.0,1.0,10.0,3472.0,36.0,2.0,0.0,-0.0579264296982367,-0.04344200507219
31.0,1.0,4.0,2971.0,36.0,2.0,7.0,-0.0579264296982367,-0.04344200507219
31.0,2.0,9.0,2521.0,36.0,2.0,3.0,-0.0579264296982367,-0.04344200507219
42.0,2.0,1.0,2082.0,36.0,2.0,6.0,-0.0579264296982367,-0.04344200507219
25.0,2.0,2.0,1804.0,36.0,0.0,-1.0,-0.0579264296982367,-0.04344200507219
57.0,3.0,6.0,1474.0,36.0,3.0,2.0,-0.0579264296982367,-0.04344200507219
70.0,4.0,5.0,897.0,36.0,3.0,-8.0,-0.0579264296982367,-0.04344200507219
85.0,4.0,10.0,596.0,36.0,3.0,-8.0,-0.0579264296982367,-0.04344200507219
82.0,4.0,11.0,381.0,36.0,3.0,-8.0,-0.0579264296982367,-0.04344200507219
44.0,4.0,8.0,62.0,36.0,2.0,-8.0,-0.0579264296982367,-0.04344200507219
45.0,1.0,12.0,3348.0,15.0,3.0,0.0,-0.0579264296982367,-0.0017807959942073
82.0,2.0,8.0,2566.0,15.0,3.0,7.0,-0.0579264296982367,-0.0017807959942073
67.0,2.0,16.0,2286.0,15.0,3.0,7.0,-0.0579264296982367,-0.0017807959942073
62.0,2.0,11.0,2272.0,15.0,3.0,7.0,-0.0579264296982367,-0.0017807959942073
41.0,2.0,4.0,2196.0,15.0,3.0,7.0,-0.0579264296982367,-0.0017807959942073
63.0,2.0,2.0,2010.0,15.0,2.0,7.0,-0.0579264296982367,-0.0017807959942073
36.0,2.0,20.0,1808.0,15.0,0.0,7.0,-0.0579264296982367,-0.0017807959942073
31.0,2.0,15.0,1808.0,15.0,0.0,7.0,-0.0579264296982367,-0.0017807959942073
54.0,3.0,1.0,1508.0,15.0,3.0,10.0,-0.0579264296982367,-0.0017807959942073
59.0,3.0,6.0,1486.0,15.0,3.0,10.0,-0.0579264296982367,-0.0017807959942073
81.0,3.0,15.0,1294.0,15.0,3.0,10.0,-0.0579264296982367,-0.0017807959942073
24.0,3.0,2.0,1195.0,15.0,3.0,10.0,-0.0579264296982367,-0.0017807959942073
71.0,3.0,17.0,902.0,15.0,3.0,13.0,-0.0579264296982367,-0.0017807959942073
55.0,4.0,1.0,420.0,15.0,3.0,14.0,-0.0579264296982367,-0.0017807959942073
80.0,4.0,15.0,134.0,15.0,3.0,14.0,-0.0579264296982367,-0.0017807959942073
69.0,1.0,6.0,3447.0,3.0,3.0,0.0,-0.0579264296982367,-0.1254975692627722
46.0,1.0,13.0,3127.0,3.0,3.0,0.0,-0.0579264296982367,-0.1254975692627722
7.0,2.0,4.0,2433.0,3.0,3.0,0.0,-0.0579264296982367,-0.1254975692627722
64.0,2.0,19.0,2017.0,3.0,3.0,-4.0,-0.0579264296982367,-0.1254975692627722
40.0,4.0,20.0,249.0,3.0,2.0,21.0,-0.0579264296982367,-0.1254975692627722
49.0,1.0,6.0,3345.0,,3.0,0.0,-0.0579264296982367,-0.023619877144352
75.0,2.0,6.0,2609.0,,2.0,7.0,-0.0579264296982367,-0.023619877144352
74.0,2.0,4.0,2381.0,,2.0,7.0,-0.0579264296982367,-0.023619877144352
28.0,2.0,2.0,1902.0,,2.0,0.0,-0.0579264296982367,-0.023619877144352
53.0,3.0,10.0,1707.0,,3.0,0.0,-0.0579264296982367,-0.023619877144352
57.0,3.0,3.0,1177.0,,3.0,-7.0,-0.0579264296982367,-0.023619877144352
34.0,1.0,30.0,3044.0,12.0,3.0,7.0,-0.0579264296982367,-0.0122834788418119
46.0,2.0,7.0,2457.0,12.0,3.0,7.0,-0.0579264296982367,-0.0122834788418119
46.0,2.0,5.0,2223.0,12.0,3.0,7.0,-0.0579264296982367,-0.0122834788418119
39.0,2.0,9.0,1905.0,12.0,3.0,7.0,-0.0579264296982367,-0.0122834788418119
36.0,2.0,5.0,1802.0,12.0,0.0,10.0,-0.0579264296982367,-0.0122834788418119
51.0,3.0,5.0,1462.0,12.0,3.0,13.0,-0.0579264296982367,-0.0122834788418119
35.0,4.0,1.0,900.0,12.0,2.0,7.0,-0.0579264296982367,-0.0122834788418119
18.0,4.0,1.0,740.0,12.0,2.0,7.0,-0.0579264296982367,-0.0122834788418119
80.0,4.0,10.0,542.0,12.0,2.0,10.0,-0.0579264296982367,-0.0122834788418119
82.0,4.0,1.0,271.0,12.0,2.0,7.0,-0.0579264296982367,-0.0122834788418119
72.0,4.0,3.0,11.0,12.0,2.0,7.0,-0.0579264296982367,-0.0122834788418119
77.0,4.0,8.0,11.0,12.0,2.0,7.0,-0.0579264296982367,-0.0122834788418119
54.0,1.0,1.0,3016.0,3.0,3.0,7.0,-0.0579264296982367,-0.0244082847561596
43.0,2.0,2.0,2185.0,3.0,2.0,14.0,-0.0579264296982367,-0.0244082847561596
41.0,3.0,6.0,1473.0,3.0,3.0,24.0,-0.0579264296982367,-0.0244082847561596
50.0,3.0,5.0,1068.0,3.0,3.0,24.0,-0.0579264296982367,-0.0244082847561596
48.0,4.0,3.0,511.0,3.0,3.0,25.0,-0.0579264296982367,-0.0244082847561596
74.0,1.0,16.0,3422.0,3.0,3.0,0.0,-0.0579264296982367,0.0603942830097032
16.0,1.0,5.0,3058.0,3.0,3.0,-2.0,-0.0579264296982367,0.0603942830097032
41.0,2.0,7.0,2582.0,3.0,3.0,-9.0,-0.0579264296982367,0.0603942830097032
46.0,2.0,12.0,2582.0,3.0,3.0,-9.0,-0.0579264296982367,0.0603942830097032
61.0,2.0,2.0,1948.0,3.0,2.0,-16.0,-0.0579264296982367,0.0603942830097032
66.0,2.0,7.0,1948.0,3.0,2.0,-16.0,-0.0579264296982367,0.0603942830097032
32.0,2.0,5.0,1816.0,3.0,0.0,-16.0,-0.0579264296982367,0.0603942830097032
84.0,3.0,1.0,1671.0,3.0,3.0,-13.0,-0.0579264296982367,0.0603942830097032
68.0,3.0,3.0,1328.0,3.0,3.0,-20.0,-0.0579264296982367,0.0603942830097032
70.0,4.0,7.0,872.0,3.0,3.0,-6.0,-0.0579264296982367,0.0603942830097032
20.0,4.0,12.0,399.0,3.0,2.0,-6.0,-0.0579264296982367,0.0603942830097032
20.0,4.0,1.0,127.0,3.0,2.0,-10.0,-0.0579264296982367,0.0603942830097032
95.0,1.0,17.0,3162.0,9.0,3.0,7.0,-0.0579264296982367,0.0327524543517546
35.0,1.0,6.0,2820.0,9.0,3.0,4.0,-0.0579264296982367,0.0327524543517546
28.0,2.0,4.0,2367.0,9.0,3.0,-1.0,-0.0579264296982367,0.0327524543517546
39.0,3.0,15.0,1652.0,9.0,3.0,6.0,-0.0579264296982367,0.0327524543517546
63.0,3.0,12.0,1320.0,9.0,3.0,6.0,-0.0579264296982367,0.0327524543517546
88.0,4.0,10.0,110.0,9.0,1.0,7.0,-0.0579264296982367,0.0327524543517546
40.0,1.0,4.0,3457.0,9.0,3.0,0.0,-0.0579264296982367,-0.0017807959942073
23.0,1.0,11.0,3054.0,9.0,3.0,-7.0,-0.0579264296982367,-0.0017807959942073
27.0,2.0,21.0,2652.0,9.0,3.0,-4.0,-0.0579264296982367,-0.0017807959942073
56.0,2.0,23.0,2265.0,9.0,3.0,-4.0,-0.0579264296982367,-0.0017807959942073
19.0,2.0,6.0,1822.0,9.0,1.0,-4.0,-0.0579264296982367,-0.0017807959942073
28.0,3.0,16.0,992.0,9.0,3.0,4.0,-0.0579264296982367,-0.0017807959942073
4.0,4.0,3.0,861.0,9.0,3.0,7.0,-0.0579264296982367,-0.0017807959942073
53.0,4.0,3.0,612.0,9.0,3.0,3.0,-0.0579264296982367,-0.0017807959942073
76.0,1.0,11.0,3555.0,6.0,3.0,0.0,-0.0579264296982367,-0.0122834788418119
53.0,1.0,1.0,3119.0,6.0,3.0,-7.0,-0.0579264296982367,-0.0122834788418119
12.0,1.0,2.0,2897.0,6.0,3.0,-7.0,-0.0579264296982367,-0.0122834788418119
44.0,2.0,13.0,2472.0,6.0,2.0,-11.0,-0.0579264296982367,-0.0122834788418119
81.0,3.0,14.0,1490.0,6.0,3.0,-17.0,-0.0579264296982367,-0.0122834788418119
8.0,3.0,2.0,1077.0,6.0,3.0,-17.0,-0.0579264296982367,-0.0122834788418119
60.0,4.0,10.0,822.0,6.0,3.0,-17.0,-0.0579264296982367,-0.0122834788418119
75.0,4.0,5.0,289.0,6.0,3.0,-10.0,-0.0579264296982367,-0.0122834788418119
7.0,1.0,6.0,2987.0,9.0,3.0,0.0,-0.0494160799128072,0.0275294113230999
49.0,2.0,6.0,2695.0,9.0,3.0,3.0,-0.0494160799128072,0.0275294113230999
80.0,2.0,16.0,2242.0,9.0,2.0,3.0,-0.0494160799128072,0.0275294113230999
7.0,3.0,7.0,969.0,9.0,1.0,17.0,-0.0494160799128072,0.0275294113230999
76.0,4.0,12.0,754.0,9.0,1.0,20.0,-0.0494160799128072,0.0275294113230999
87.0,4.0,5.0,444.0,9.0,1.0,20.0,-0.0494160799128072,0.0275294113230999
77.0,4.0,1.0,256.0,9.0,1.0,20.0,-0.0494160799128072,0.0275294113230999
49.0,4.0,3.0,73.0,9.0,0.0,20.0,-0.0494160799128072,0.0275294113230999
46.0,1.0,15.0,3314.0,2.0,3.0,0.0,-0.0494160799128072,-0.0181295755429661
68.0,2.0,18.0,1978.0,2.0,3.0,7.0,-0.0494160799128072,-0.0181295755429661
40.0,2.0,6.0,1861.0,2.0,1.0,7.0,-0.0494160799128072,-0.0181295755429661
56.0,3.0,6.0,1648.0,2.0,3.0,14.0,-0.0494160799128072,-0.0181295755429661
51.0,3.0,1.0,1640.0,2.0,3.0,14.0,-0.0494160799128072,-0.0181295755429661
77.0,3.0,12.0,1408.0,2.0,3.0,11.0,-0.0494160799128072,-0.0181295755429661
10.0,4.0,5.0,900.0,2.0,3.0,11.0,-0.0494160799128072,-0.0181295755429661
48.0,4.0,11.0,228.0,2.0,1.0,14.0,-0.0494160799128072,-0.0181295755429661
61.0,1.0,11.0,3524.0,10.0,3.0,0.0,-0.0494160799128072,0.1569443325794988
67.0,1.0,2.0,3158.0,10.0,3.0,-3.0,-0.0494160799128072,0.1569443325794988
83.0,1.0,18.0,2833.0,10.0,3.0,-10.0,-0.0494160799128072,0.1569443325794988
71.0,2.0,6.0,2401.0,10.0,3.0,-13.0,-0.0494160799128072,0.1569443325794988
62.0,2.0,8.0,1982.0,10.0,3.0,-20.0,-0.0494160799128072,0.1569443325794988
71.0,2.0,6.0,1822.0,10.0,1.0,-23.0,-0.0494160799128072,0.1569443325794988
58.0,3.0,11.0,1112.0,10.0,3.0,-37.0,-0.0494160799128072,0.1569443325794988
40.0,4.0,8.0,585.0,10.0,3.0,-44.0,-0.0494160799128072,0.1569443325794988
39.0,1.0,9.0,3353.0,6.0,3.0,0.0,-0.0494160799128072,0.0280250193339084
69.0,2.0,3.0,2650.0,6.0,3.0,-3.0,-0.0494160799128072,0.0280250193339084
92.0,2.0,12.0,2432.0,6.0,3.0,-3.0,-0.0494160799128072,0.0280250193339084
96.0,2.0,16.0,2432.0,6.0,3.0,-3.0,-0.0494160799128072,0.0280250193339084
73.0,2.0,5.0,1943.0,6.0,2.0,-13.0,-0.0494160799128072,0.0280250193339084
24.0,3.0,16.0,1656.0,6.0,3.0,-19.0,-0.0494160799128072,0.0280250193339084
61.0,4.0,22.0,869.0,6.0,2.0,-10.0,-0.0494160799128072,0.0280250193339084
47.0,4.0,12.0,348.0,6.0,2.0,-10.0,-0.0494160799128072,0.0280250193339084
4.0,4.0,3.0,10.0,6.0,0.0,-17.0,-0.0494160799128072,0.0280250193339084
5.0,2.0,5.0,2121.0,8.0,3.0,11.0,-0.0494160799128072,-0.0464478771203641
43.0,2.0,7.0,1835.0,8.0,1.0,14.0,-0.0494160799128072,-0.0464478771203641
60.0,3.0,10.0,1620.0,8.0,3.0,14.0,-0.0494160799128072,-0.0464478771203641
74.0,3.0,8.0,1420.0,8.0,3.0,14.0,-0.0494160799128072,-0.0464478771203641
3.0,4.0,3.0,793.0,8.0,2.0,7.0,-0.0494160799128072,-0.0464478771203641
26.0,4.0,4.0,149.0,8.0,2.0,10.0,-0.0494160799128072,-0.0464478771203641
64.0,1.0,1.0,3478.0,7.0,3.0,0.0,-0.0494160799128072,0.0543953181801293
77.0,1.0,12.0,3024.0,7.0,3.0,0.0,-0.0494160799128072,0.0543953181801293
90.0,1.0,11.0,2722.0,7.0,3.0,0.0,-0.0494160799128072,0.0543953181801293
76.0,2.0,4.0,1936.0,7.0,3.0,-10.0,-0.0494160799128072,0.0543953181801293
9.0,2.0,9.0,1808.0,7.0,0.0,-10.0,-0.0494160799128072,0.0543953181801293
80.0,3.0,6.0,1498.0,7.0,3.0,-7.0,-0.0494160799128072,0.0543953181801293
67.0,3.0,7.0,1059.0,7.0,3.0,-7.0,-0.0494160799128072,0.0543953181801293
13.0,4.0,13.0,699.0,7.0,3.0,-7.0,-0.0494160799128072,0.0543953181801293
32.0,4.0,1.0,391.0,7.0,2.0,-4.0,-0.0494160799128072,0.0543953181801293
42.0,4.0,4.0,227.0,7.0,2.0,-11.0,-0.0494160799128072,0.0543953181801293
31.0,4.0,4.0,181.0,7.0,1.0,-11.0,-0.0494160799128072,0.0543953181801293
52.0,5.0,2.0,348.0,7.0,2.0,0.0,-0.0494160799128072,0.0543953181801293
78.0,1.0,13.0,3488.0,,3.0,0.0,-0.0494160799128072,0.0995849772483576
30.0,1.0,14.0,3214.0,,3.0,0.0,-0.0494160799128072,0.0995849772483576
67.0,1.0,18.0,2758.0,,3.0,0.0,-0.0494160799128072,0.0995849772483576
39.0,2.0,7.0,2401.0,,3.0,-3.0,-0.0494160799128072,0.0995849772483576
66.0,2.0,1.0,2264.0,,3.0,0.0,-0.0494160799128072,0.0995849772483576
85.0,3.0,19.0,1468.0,,3.0,-6.0,-0.0494160799128072,0.0995849772483576
29.0,3.0,5.0,1082.0,,3.0,-12.0,-0.0494160799128072,0.0995849772483576
88.0,4.0,19.0,861.0,,3.0,-9.0,-0.0494160799128072,0.0995849772483576
56.0,4.0,11.0,596.0,,3.0,-12.0,-0.0494160799128072,0.0995849772483576
13.0,4.0,11.0,3.0,,0.0,-15.0,-0.0494160799128072,0.0995849772483576
63.0,1.0,5.0,3316.0,9.0,3.0,0.0,-0.0494160799128072,-0.0205825399781266
63.0,1.0,1.0,3033.0,9.0,2.0,7.0,-0.0494160799128072,-0.0205825399781266
37.0,2.0,9.0,2601.0,9.0,2.0,7.0,-0.0494160799128072,-0.0205825399781266
30.0,2.0,5.0,2287.0,9.0,2.0,10.0,-0.0494160799128072,-0.0205825399781266
69.0,2.0,8.0,1834.0,9.0,1.0,20.0,-0.0494160799128072,-0.0205825399781266
52.0,3.0,9.0,1643.0,9.0,3.0,20.0,-0.0494160799128072,-0.0205825399781266
28.0,3.0,2.0,1363.0,9.0,2.0,20.0,-0.0494160799128072,-0.0205825399781266
57.0,3.0,2.0,1113.0,9.0,2.0,20.0,-0.0494160799128072,-0.0205825399781266
62.0,3.0,7.0,1099.0,9.0,2.0,20.0,-0.0494160799128072,-0.0205825399781266
57.0,3.0,2.0,1088.0,9.0,2.0,20.0,-0.0494160799128072,-0.0205825399781266
43.0,1.0,7.0,3193.0,10.0,3.0,-3.0,-0.0494160799128072,0.0139955713233515
12.0,1.0,9.0,3063.0,10.0,3.0,-3.0,-0.0494160799128072,0.0139955713233515
35.0,2.0,2.0,2465.0,10.0,2.0,-7.0,-0.0494160799128072,0.0139955713233515
31.0,2.0,8.0,2401.0,10.0,2.0,-7.0,-0.0494160799128072,0.0139955713233515
87.0,2.0,3.0,2146.0,10.0,2.0,-4.0,-0.0494160799128072,0.0139955713233515
91.0,2.0,7.0,2137.0,10.0,2.0,-4.0,-0.0494160799128072,0.0139955713233515
60.0,2.0,15.0,1860.0,10.0,2.0,-10.0,-0.0494160799128072,0.0139955713233515
92.0,3.0,18.0,1604.0,10.0,3.0,-10.0,-0.0494160799128072,0.0139955713233515
57.0,3.0,4.0,1339.0,10.0,3.0,-10.0,-0.0494160799128072,0.0139955713233515
62.0,3.0,9.0,1329.0,10.0,3.0,-10.0,-0.0494160799128072,0.0139955713233515
17.0,4.0,1.0,900.0,10.0,1.0,-10.0,-0.0494160799128072,0.0139955713233515
40.0,4.0,3.0,136.0,10.0,1.0,-10.0,-0.0494160799128072,0.0139955713233515
41.0,1.0,1.0,3280.0,14.0,3.0,0.0,-0.0494160799128072,-0.0399816607880349
55.0,1.0,29.0,3127.0,14.0,3.0,0.0,-0.0494160799128072,-0.0399816607880349
14.0,2.0,5.0,2700.0,14.0,3.0,0.0,-0.0494160799128072,-0.0399816607880349
48.0,2.0,15.0,2395.0,14.0,2.0,3.0,-0.0494160799128072,-0.0399816607880349
21.0,2.0,1.0,1803.0,14.0,0.0,3.0,-0.0494160799128072,-0.0399816607880349
52.0,3.0,11.0,1396.0,14.0,2.0,13.0,-0.0494160799128072,-0.0399816607880349
84.0,3.0,5.0,1094.0,14.0,2.0,13.0,-0.0494160799128072,-0.0399816607880349
49.0,4.0,5.0,825.0,14.0,2.0,13.0,-0.0494160799128072,-0.0399816607880349
49.0,4.0,3.0,470.0,14.0,2.0,13.0,-0.0494160799128072,-0.0399816607880349
5.0,4.0,2.0,290.0,14.0,2.0,13.0,-0.0494160799128072,-0.0399816607880349
36.0,4.0,16.0,154.0,14.0,2.0,16.0,-0.0494160799128072,-0.0399816607880349
62.0,1.0,2.0,3562.0,1.0,3.0,0.0,-0.0494160799128072,-0.0279916586737624
44.0,1.0,12.0,3012.0,1.0,3.0,-7.0,-0.0494160799128072,-0.0279916586737624
77.0,1.0,18.0,2755.0,1.0,3.0,-7.0,-0.0494160799128072,-0.0279916586737624
41.0,2.0,6.0,2546.0,1.0,3.0,-7.0,-0.0494160799128072,-0.0279916586737624
37.0,2.0,1.0,2259.0,1.0,3.0,0.0,-0.0494160799128072,-0.0279916586737624
35.0,2.0,10.0,1812.0,1.0,0.0,4.0,-0.0494160799128072,-0.0279916586737624
64.0,3.0,5.0,1562.0,1.0,3.0,7.0,-0.0494160799128072,-0.0279916586737624
67.0,3.0,2.0,1078.0,1.0,3.0,4.0,-0.0494160799128072,-0.0279916586737624
13.0,4.0,7.0,659.0,1.0,3.0,4.0,-0.0494160799128072,-0.0279916586737624
75.0,4.0,10.0,404.0,1.0,2.0,4.0,-0.0494160799128072,-0.0279916586737624
31.0,4.0,6.0,178.0,1.0,1.0,4.0,-0.0494160799128072,-0.0279916586737624
46.0,1.0,9.0,3465.0,4.0,3.0,0.0,-0.0494160799128072,0.0497937866677735
20.0,1.0,7.0,3061.0,4.0,3.0,0.0,-0.0494160799128072,0.0497937866677735
79.0,2.0,4.0,2691.0,4.0,3.0,3.0,-0.0494160799128072,0.0497937866677735
41.0,2.0,3.0,1869.0,4.0,2.0,17.0,-0.0494160799128072,0.0497937866677735
63.0,3.0,8.0,1460.0,4.0,2.0,13.0,-0.0494160799128072,0.0497937866677735
65.0,3.0,8.0,1294.0,4.0,2.0,13.0,-0.0494160799128072,0.0497937866677735
33.0,4.0,9.0,419.0,4.0,2.0,7.0,-0.0494160799128072,0.0497937866677735
41.0,1.0,3.0,2968.0,12.0,2.0,-7.0,-0.0494160799128072,0.0280250193339084
29.0,3.0,6.0,1510.0,12.0,3.0,-6.0,-0.0494160799128072,0.0280250193339084
78.0,4.0,10.0,636.0,12.0,2.0,8.0,-0.0494160799128072,0.0280250193339084
68.0,4.0,3.0,154.0,12.0,2.0,2.0,-0.0494160799128072,0.0280250193339084
13.0,1.0,9.0,3229.0,0.0,3.0,0.0,-0.0494160799128072,-0.0181295755429661
76.0,1.0,10.0,3076.0,0.0,3.0,3.0,-0.0494160799128072,-0.0181295755429661
61.0,1.0,4.0,2910.0,0.0,3.0,3.0,-0.0494160799128072,-0.0181295755429661
1.0,2.0,1.0,2476.0,0.0,3.0,3.0,-0.0494160799128072,-0.0181295755429661
43.0,3.0,5.0,1571.0,0.0,3.0,7.0,-0.0494160799128072,-0.0181295755429661
41.0,3.0,15.0,1341.0,0.0,3.0,7.0,-0.0494160799128072,-0.0181295755429661
25.0,3.0,11.0,908.0,0.0,3.0,14.0,-0.0494160799128072,-0.0181295755429661
47.0,4.0,2.0,408.0,0.0,2.0,17.0,-0.0494160799128072,-0.0181295755429661
19.0,1.0,1.0,3307.0,14.0,2.0,0.0,-0.0494160799128072,-0.0548075256200168
12.0,1.0,12.0,3098.0,14.0,2.0,0.0,-0.0494160799128072,-0.0548075256200168
21.0,2.0,9.0,1920.0,14.0,2.0,3.0,-0.0494160799128072,-0.0548075256200168
66.0,2.0,6.0,1819.0,14.0,1.0,6.0,-0.0494160799128072,-0.0548075256200168
18.0,3.0,4.0,1469.0,14.0,3.0,6.0,-0.0494160799128072,-0.0548075256200168
68.0,3.0,3.0,1273.0,14.0,3.0,6.0,-0.0494160799128072,-0.0548075256200168
59.0,4.0,10.0,165.0,14.0,2.0,7.0,-0.0494160799128072,-0.0548075256200168
49.0,1.0,4.0,3248.0,12.0,3.0,-7.0,-0.0494160799128072,0.0275294113230999
63.0,1.0,8.0,3082.0,12.0,3.0,-7.0,-0.0494160799128072,0.0275294113230999
61.0,1.0,3.0,2866.0,12.0,3.0,-7.0,-0.0494160799128072,0.0275294113230999
61.0,2.0,5.0,2657.0,12.0,3.0,-7.0,-0.0494160799128072,0.0275294113230999
52.0,2.0,9.0,2544.0,12.0,3.0,-7.0,-0.0494160799128072,0.0275294113230999
28.0,2.0,4.0,2478.0,12.0,3.0,-7.0,-0.0494160799128072,0.0275294113230999
67.0,2.0,8.0,2302.0,12.0,3.0,-4.0,-0.0494160799128072,0.0275294113230999
63.0,2.0,5.0,2012.0,12.0,3.0,-11.0,-0.0494160799128072,0.0275294113230999
17.0,3.0,3.0,1288.0,12.0,3.0,-14.0,-0.0494160799128072,0.0275294113230999
16.0,4.0,11.0,792.0,12.0,3.0,-7.0,-0.0494160799128072,0.0275294113230999
51.0,4.0,7.0,171.0,12.0,3.0,3.0,-0.0494160799128072,0.0275294113230999
77.0,4.0,14.0,24.0,12.0,2.0,-4.0,-0.0494160799128072,0.0275294113230999
74.0,1.0,9.0,3097.0,12.0,3.0,7.0,0.0085336369082385,0.0839906312409423
23.0,2.0,13.0,2598.0,12.0,3.0,14.0,0.0085336369082385,0.0839906312409423
65.0,2.0,5.0,2423.0,12.0,3.0,17.0,0.0085336369082385,0.0839906312409423
60.0,2.0,12.0,2225.0,12.0,2.0,17.0,0.0085336369082385,0.0839906312409423
21.0,2.0,2.0,2060.0,12.0,2.0,17.0,0.0085336369082385,0.0839906312409423
77.0,3.0,17.0,1402.0,12.0,3.0,40.0,0.0085336369082385,0.0839906312409423
59.0,4.0,5.0,887.0,12.0,2.0,37.0,0.0085336369082385,0.0839906312409423
83.0,4.0,3.0,96.0,12.0,0.0,44.0,0.0085336369082385,0.0839906312409423
75.0,1.0,10.0,3517.0,3.0,3.0,0.0,0.0085336369082385,-0.0915404139447006
50.0,1.0,7.0,3197.0,3.0,3.0,-7.0,0.0085336369082385,-0.0915404139447006
79.0,1.0,14.0,2946.0,3.0,3.0,-14.0,0.0085336369082385,-0.0915404139447006
38.0,2.0,4.0,1885.0,3.0,3.0,-21.0,0.0085336369082385,-0.0915404139447006
37.0,3.0,7.0,1655.0,3.0,3.0,-14.0,0.0085336369082385,-0.0915404139447006
44.0,3.0,2.0,1305.0,3.0,3.0,-11.0,0.0085336369082385,-0.0915404139447006
53.0,4.0,3.0,120.0,3.0,0.0,-11.0,0.0085336369082385,-0.0915404139447006
23.0,4.0,8.0,8.0,3.0,0.0,-11.0,0.0085336369082385,-0.0915404139447006
87.0,1.0,13.0,3520.0,5.0,3.0,0.0,0.0085336369082385,0.0090277434557283
34.0,1.0,1.0,2923.0,5.0,3.0,-7.0,0.0085336369082385,0.0090277434557283
56.0,2.0,7.0,2630.0,5.0,3.0,-4.0,0.0085336369082385,0.0090277434557283
25.0,2.0,7.0,2085.0,5.0,3.0,3.0,0.0085336369082385,0.0090277434557283
66.0,2.0,11.0,1860.0,5.0,3.0,3.0,0.0085336369082385,0.0090277434557283
78.0,4.0,6.0,856.0,5.0,3.0,13.0,0.0085336369082385,0.0090277434557283
64.0,4.0,8.0,452.0,5.0,3.0,13.0,0.0085336369082385,0.0090277434557283
56.0,1.0,8.0,2980.0,2.0,2.0,14.0,0.0085336369082385,-0.0164024281634018
62.0,2.0,8.0,2104.0,2.0,2.0,8.0,0.0085336369082385,-0.0164024281634018
72.0,2.0,18.0,2097.0,2.0,2.0,8.0,0.0085336369082385,-0.0164024281634018
55.0,2.0,1.0,1817.0,2.0,0.0,0.0,0.0085336369082385,-0.0164024281634018
41.0,3.0,10.0,1511.0,2.0,3.0,0.0,0.0085336369082385,-0.0164024281634018
29.0,3.0,6.0,1143.0,2.0,3.0,0.0,0.0085336369082385,-0.0164024281634018
42.0,4.0,2.0,858.0,2.0,2.0,3.0,0.0085336369082385,-0.0164024281634018
31.0,4.0,2.0,707.0,2.0,2.0,3.0,0.0085336369082385,-0.0164024281634018
10.0,4.0,7.0,220.0,2.0,2.0,6.0,0.0085336369082385,-0.0164024281634018
13.0,4.0,7.0,120.0,2.0,2.0,9.0,0.0085336369082385,-0.0164024281634018
47.0,1.0,1.0,3490.0,5.0,3.0,0.0,0.0085336369082385,0.0030866171488143
42.0,1.0,7.0,3412.0,5.0,3.0,0.0,0.0085336369082385,0.0030866171488143
26.0,1.0,3.0,3221.0,5.0,3.0,0.0,0.0085336369082385,0.0030866171488143
51.0,1.0,5.0,2748.0,5.0,3.0,3.0,0.0085336369082385,0.0030866171488143
53.0,2.0,5.0,2173.0,5.0,3.0,3.0,0.0085336369082385,0.0030866171488143
57.0,2.0,7.0,1929.0,5.0,3.0,3.0,0.0085336369082385,0.0030866171488143
7.0,3.0,3.0,956.0,5.0,3.0,-6.0,0.0085336369082385,0.0030866171488143
56.0,4.0,9.0,700.0,5.0,3.0,-3.0,0.0085336369082385,0.0030866171488143
63.0,4.0,10.0,455.0,5.0,3.0,-3.0,0.0085336369082385,0.0030866171488143
14.0,4.0,10.0,56.0,5.0,2.0,-3.0,0.0085336369082385,0.0030866171488143
55.0,5.0,12.0,266.0,5.0,1.0,0.0,0.0085336369082385,0.0030866171488143
61.0,5.0,10.0,187.0,5.0,1.0,0.0,0.0085336369082385,0.0030866171488143
83.0,2.0,6.0,2148.0,4.0,3.0,14.0,0.0085336369082385,0.0238623057158883
47.0,3.0,7.0,1201.0,4.0,2.0,21.0,0.0085336369082385,0.0238623057158883
64.0,4.0,9.0,834.0,4.0,2.0,21.0,0.0085336369082385,0.0238623057158883
57.0,4.0,17.0,347.0,4.0,2.0,21.0,0.0085336369082385,0.0238623057158883
31.0,4.0,5.0,78.0,4.0,2.0,21.0,0.0085336369082385,0.0238623057158883
51.0,1.0,11.0,2726.0,15.0,2.0,0.0,0.0085336369082385,-0.0108783834946446
34.0,2.0,7.0,2294.0,15.0,2.0,0.0,0.0085336369082385,-0.0108783834946446
14.0,2.0,3.0,2167.0,15.0,2.0,0.0,0.0085336369082385,-0.0108783834946446
47.0,3.0,4.0,1569.0,15.0,3.0,3.0,0.0085336369082385,-0.0108783834946446
85.0,4.0,20.0,688.0,15.0,3.0,3.0,0.0085336369082385,-0.0108783834946446
50.0,4.0,7.0,227.0,15.0,3.0,-4.0,0.0085336369082385,-0.0108783834946446
36.0,4.0,6.0,205.0,15.0,3.0,-4.0,0.0085336369082385,-0.0108783834946446
90.0,1.0,1.0,2882.0,10.0,3.0,7.0,0.0085336369082385,-0.05400603522489
95.0,1.0,6.0,2881.0,10.0,3.0,7.0,0.0085336369082385,-0.05400603522489
44.0,2.0,7.0,2399.0,10.0,2.0,-7.0,0.0085336369082385,-0.05400603522489
66.0,2.0,1.0,1951.0,10.0,2.0,-14.0,0.0085336369082385,-0.05400603522489
46.0,3.0,3.0,1525.0,10.0,3.0,-17.0,0.0085336369082385,-0.05400603522489
81.0,4.0,16.0,545.0,10.0,3.0,-19.0,0.0085336369082385,-0.05400603522489
86.0,4.0,21.0,545.0,10.0,3.0,-19.0,0.0085336369082385,-0.05400603522489
42.0,1.0,8.0,3436.0,6.0,3.0,0.0,0.0085336369082385,-0.0164024281634018
5.0,1.0,5.0,3005.0,6.0,2.0,0.0,0.0085336369082385,-0.0164024281634018
59.0,2.0,5.0,2591.0,6.0,2.0,-4.0,0.0085336369082385,-0.0164024281634018
5.0,2.0,3.0,2080.0,6.0,2.0,-11.0,0.0085336369082385,-0.0164024281634018
59.0,2.0,10.0,1860.0,6.0,2.0,-8.0,0.0085336369082385,-0.0164024281634018
77.0,4.0,16.0,866.0,6.0,3.0,-7.0,0.0085336369082385,-0.0164024281634018
19.0,4.0,5.0,327.0,6.0,3.0,-10.0,0.0085336369082385,-0.0164024281634018
77.0,4.0,11.0,8.0,6.0,0.0,-7.0,0.0085336369082385,-0.0164024281634018
56.0,1.0,5.0,2899.0,8.0,3.0,7.0,0.0085336369082385,-0.0915404139447006
85.0,1.0,7.0,2708.0,8.0,3.0,7.0,0.0085336369082385,-0.0915404139447006
42.0,2.0,17.0,2208.0,8.0,3.0,0.0,0.0085336369082385,-0.0915404139447006
10.0,2.0,3.0,1907.0,8.0,3.0,0.0,0.0085336369082385,-0.0915404139447006
55.0,3.0,1.0,1515.0,8.0,2.0,-1.0,0.0085336369082385,-0.0915404139447006
6.0,4.0,6.0,495.0,8.0,2.0,0.0,0.0085336369082385,-0.0915404139447006
49.0,4.0,1.0,187.0,8.0,1.0,3.0,0.0085336369082385,-0.0915404139447006
54.0,4.0,6.0,178.0,8.0,1.0,3.0,0.0085336369082385,-0.0915404139447006
29.0,1.0,7.0,2972.0,7.0,3.0,-7.0,0.0085336369082385,-0.131137291377567
47.0,1.0,8.0,2752.0,7.0,1.0,-4.0,0.0085336369082385,-0.131137291377567
9.0,2.0,9.0,2234.0,7.0,1.0,3.0,0.0085336369082385,-0.131137291377567
79.0,4.0,12.0,506.0,7.0,3.0,10.0,0.0085336369082385,-0.131137291377567
65.0,1.0,4.0,2818.0,9.0,3.0,4.0,0.0085336369082385,-0.0734355722992723
46.0,2.0,7.0,2601.0,9.0,3.0,4.0,0.0085336369082385,-0.0734355722992723
48.0,2.0,6.0,2279.0,9.0,3.0,-3.0,0.0085336369082385,-0.0734355722992723
72.0,2.0,2.0,1997.0,9.0,3.0,-3.0,0.0085336369082385,-0.0734355722992723
3.0,3.0,3.0,1502.0,9.0,3.0,0.0,0.0085336369082385,-0.0734355722992723
27.0,3.0,9.0,936.0,9.0,3.0,3.0,0.0085336369082385,-0.0734355722992723
29.0,4.0,3.0,449.0,9.0,3.0,6.0,0.0085336369082385,-0.0734355722992723
54.0,4.0,1.0,119.0,9.0,2.0,10.0,0.0085336369082385,-0.0734355722992723
70.0,1.0,14.0,3235.0,0.0,3.0,0.0,0.0085336369082385,-0.0647562253143434
10.0,2.0,9.0,2225.0,0.0,3.0,0.0,0.0085336369082385,-0.0647562253143434
65.0,2.0,8.0,1909.0,0.0,3.0,-4.0,0.0085336369082385,-0.0647562253143434
39.0,3.0,1.0,1606.0,0.0,3.0,-7.0,0.0085336369082385,-0.0647562253143434
10.0,3.0,2.0,1096.0,0.0,3.0,-7.0,0.0085336369082385,-0.0647562253143434
76.0,4.0,24.0,417.0,0.0,3.0,0.0,0.0085336369082385,-0.0647562253143434
59.0,5.0,22.0,99.0,0.0,1.0,-3.0,0.0085336369082385,-0.0647562253143434
65.0,1.0,5.0,3360.0,20.0,3.0,0.0,0.0085336369082385,-0.0906275303465647
63.0,1.0,7.0,3127.0,20.0,2.0,0.0,0.0085336369082385,-0.0906275303465647
7.0,2.0,1.0,2122.0,20.0,2.0,-6.0,0.0085336369082385,-0.0906275303465647
6.0,2.0,5.0,1813.0,20.0,0.0,-2.0,0.0085336369082385,-0.0906275303465647
17.0,4.0,4.0,817.0,20.0,3.0,5.0,0.0085336369082385,-0.0906275303465647
69.0,4.0,36.0,690.0,20.0,3.0,8.0,0.0085336369082385,-0.0906275303465647
74.0,4.0,41.0,690.0,20.0,3.0,8.0,0.0085336369082385,-0.0906275303465647
6.0,1.0,6.0,3467.0,5.0,3.0,0.0,0.0085336369082385,0.0209874375409886
35.0,1.0,18.0,3124.0,5.0,3.0,3.0,0.0085336369082385,0.0209874375409886
2.0,2.0,2.0,2535.0,5.0,3.0,3.0,0.0085336369082385,0.0209874375409886
39.0,2.0,1.0,2184.0,5.0,3.0,3.0,0.0085336369082385,0.0209874375409886
17.0,2.0,7.0,1974.0,5.0,2.0,3.0,0.0085336369082385,0.0209874375409886
47.0,2.0,7.0,1803.0,5.0,0.0,3.0,0.0085336369082385,0.0209874375409886
38.0,3.0,8.0,1241.0,5.0,3.0,3.0,0.0085336369082385,0.0209874375409886
51.0,3.0,6.0,995.0,5.0,3.0,6.0,0.0085336369082385,0.0209874375409886
71.0,4.0,10.0,752.0,5.0,3.0,6.0,0.0085336369082385,0.0209874375409886
94.0,4.0,6.0,192.0,5.0,3.0,6.0,0.0085336369082385,0.0209874375409886
52.0,1.0,1.0,3390.0,2.0,3.0,0.0,0.0085336369082385,0.0030866171488143
20.0,1.0,8.0,3271.0,2.0,3.0,0.0,0.0085336369082385,0.0030866171488143
16.0,2.0,10.0,2175.0,2.0,3.0,10.0,0.0085336369082385,0.0030866171488143
42.0,2.0,17.0,1842.0,2.0,1.0,13.0,0.0085336369082385,0.0030866171488143
68.0,3.0,14.0,1670.0,2.0,3.0,13.0,0.0085336369082385,0.0030866171488143
26.0,3.0,14.0,1328.0,2.0,3.0,6.0,0.0085336369082385,0.0030866171488143
71.0,3.0,2.0,1084.0,2.0,3.0,9.0,0.0085336369082385,0.0030866171488143
5.0,4.0,5.0,443.0,2.0,2.0,6.0,0.0085336369082385,0.0030866171488143
76.0,4.0,11.0,120.0,2.0,2.0,2.0,0.0085336369082385,0.0030866171488143
58.0,1.0,5.0,3423.0,12.0,3.0,0.0,0.0085336369082385,0.0209874375409886
68.0,1.0,17.0,2915.0,12.0,3.0,-3.0,0.0085336369082385,0.0209874375409886
65.0,2.0,2.0,2665.0,12.0,3.0,-6.0,0.0085336369082385,0.0209874375409886
69.0,2.0,4.0,1915.0,12.0,3.0,-9.0,0.0085336369082385,0.0209874375409886
79.0,3.0,20.0,1614.0,12.0,3.0,-12.0,0.0085336369082385,0.0209874375409886
15.0,3.0,4.0,1414.0,12.0,3.0,-12.0,0.0085336369082385,0.0209874375409886
32.0,3.0,2.0,1168.0,12.0,3.0,-9.0,0.0085336369082385,0.0209874375409886
86.0,4.0,19.0,796.0,12.0,3.0,-17.0,0.0085336369082385,0.0209874375409886
60.0,4.0,11.0,422.0,12.0,3.0,-20.0,0.0085336369082385,0.0209874375409886
7.0,4.0,6.0,126.0,12.0,2.0,-13.0,0.0085336369082385,0.0209874375409886
66.0,2.0,1.0,2315.0,8.0,3.0,25.0,0.1645833717443703,-0.115831385291793
70.0,2.0,1.0,1979.0,8.0,3.0,32.0,0.1645833717443703,-0.115831385291793
16.0,3.0,5.0,927.0,8.0,3.0,39.0,0.1645833717443703,-0.115831385291793
3.0,4.0,3.0,570.0,8.0,2.0,42.0,0.1645833717443703,-0.115831385291793
43.0,1.0,3.0,2979.0,8.0,3.0,7.0,0.1645833717443703,-0.0841194382360297
15.0,2.0,3.0,2651.0,8.0,3.0,4.0,0.1645833717443703,-0.0841194382360297
66.0,2.0,21.0,1866.0,8.0,2.0,11.0,0.1645833717443703,-0.0841194382360297
71.0,3.0,6.0,1683.0,8.0,3.0,11.0,0.1645833717443703,-0.0841194382360297
5.0,3.0,1.0,903.0,8.0,2.0,8.0,0.1645833717443703,-0.0841194382360297
10.0,4.0,6.0,900.0,8.0,2.0,8.0,0.1645833717443703,-0.0841194382360297
33.0,4.0,5.0,542.0,8.0,2.0,3.0,0.1645833717443703,-0.0841194382360297
45.0,4.0,11.0,235.0,8.0,1.0,6.0,0.1645833717443703,-0.0841194382360297
9.0,1.0,3.0,3008.0,3.0,2.0,0.0,0.1645833717443703,-0.0042142143083149
66.0,2.0,1.0,2606.0,3.0,2.0,-1.0,0.1645833717443703,-0.0042142143083149
53.0,2.0,2.0,2438.0,3.0,2.0,-1.0,0.1645833717443703,-0.0042142143083149
57.0,2.0,4.0,2079.0,3.0,2.0,-8.0,0.1645833717443703,-0.0042142143083149
56.0,2.0,15.0,1888.0,3.0,2.0,-14.0,0.1645833717443703,-0.0042142143083149
52.0,3.0,5.0,1289.0,3.0,3.0,-10.0,0.1645833717443703,-0.0042142143083149
27.0,4.0,5.0,801.0,3.0,3.0,-17.0,0.1645833717443703,-0.0042142143083149
21.0,4.0,15.0,403.0,3.0,3.0,-11.0,0.1645833717443703,-0.0042142143083149
63.0,1.0,8.0,3394.0,8.0,3.0,0.0,0.1645833717443703,-0.0350976640992651
53.0,2.0,14.0,2700.0,8.0,3.0,-7.0,0.1645833717443703,-0.0350976640992651
50.0,2.0,7.0,2306.0,8.0,3.0,-7.0,0.1645833717443703,-0.0350976640992651
23.0,3.0,8.0,1579.0,8.0,3.0,-3.0,0.1645833717443703,-0.0350976640992651
69.0,4.0,3.0,499.0,8.0,3.0,-12.0,0.1645833717443703,-0.0350976640992651
74.0,4.0,5.0,69.0,8.0,0.0,-22.0,0.1645833717443703,-0.0350976640992651
9.0,1.0,7.0,3144.0,7.0,3.0,0.0,0.1645833717443703,0.1172728423783977
51.0,2.0,19.0,1993.0,7.0,2.0,7.0,0.1645833717443703,0.1172728423783977
49.0,3.0,6.0,1467.0,7.0,3.0,4.0,0.1645833717443703,0.1172728423783977
44.0,3.0,1.0,1450.0,7.0,3.0,4.0,0.1645833717443703,0.1172728423783977
8.0,4.0,6.0,702.0,7.0,2.0,-3.0,0.1645833717443703,0.1172728423783977
99.0,4.0,10.0,377.0,7.0,2.0,0.0,0.1645833717443703,0.1172728423783977
30.0,4.0,10.0,14.0,7.0,1.0,-3.0,0.1645833717443703,0.1172728423783977
79.0,5.0,14.0,503.0,7.0,2.0,0.0,0.1645833717443703,0.1172728423783977
28.0,5.0,4.0,331.0,7.0,2.0,0.0,0.1645833717443703,0.1172728423783977
22.0,2.0,8.0,2692.0,7.0,3.0,7.0,0.1645833717443703,-0.0825073733568607
46.0,2.0,6.0,2187.0,7.0,3.0,10.0,0.1645833717443703,-0.0825073733568607
47.0,3.0,9.0,1610.0,7.0,3.0,7.0,0.1645833717443703,-0.0825073733568607
31.0,3.0,6.0,907.0,7.0,3.0,7.0,0.1645833717443703,-0.0825073733568607
2.0,4.0,2.0,229.0,7.0,2.0,10.0,0.1645833717443703,-0.0825073733568607
7.0,1.0,3.0,3322.0,8.0,3.0,0.0,0.1645833717443703,-0.0267358474208217
54.0,1.0,9.0,3054.0,8.0,3.0,3.0,0.1645833717443703,-0.0267358474208217
10.0,2.0,8.0,2470.0,8.0,3.0,-4.0,0.1645833717443703,-0.0267358474208217
70.0,2.0,5.0,2202.0,8.0,3.0,-4.0,0.1645833717443703,-0.0267358474208217
78.0,3.0,1.0,1595.0,8.0,3.0,0.0,0.1645833717443703,-0.0267358474208217
8.0,3.0,2.0,984.0,8.0,2.0,0.0,0.1645833717443703,-0.0267358474208217
4.0,4.0,4.0,230.0,8.0,2.0,7.0,0.1645833717443703,-0.0267358474208217
6.0,1.0,3.0,3216.0,1.0,3.0,0.0,0.1645833717443703,0.2032738964597786
21.0,1.0,10.0,2853.0,1.0,3.0,7.0,0.1645833717443703,0.2032738964597786
71.0,2.0,6.0,2435.0,1.0,3.0,10.0,0.1645833717443703,0.2032738964597786
66.0,2.0,6.0,1911.0,1.0,3.0,7.0,0.1645833717443703,0.2032738964597786
38.0,3.0,4.0,1113.0,1.0,3.0,4.0,0.1645833717443703,0.2032738964597786
44.0,1.0,3.0,3100.0,9.0,3.0,7.0,0.1645833717443703,-0.0825073733568607
74.0,4.0,9.0,74.0,9.0,3.0,36.0,0.1645833717443703,-0.0825073733568607
25.0,1.0,8.0,3307.0,10.0,3.0,0.0,0.1645833717443703,-0.0607852581040622
37.0,1.0,4.0,2825.0,10.0,3.0,0.0,0.1645833717443703,-0.0607852581040622
16.0,3.0,6.0,1316.0,10.0,3.0,21.0,0.1645833717443703,-0.0607852581040622
28.0,3.0,11.0,995.0,10.0,3.0,24.0,0.1645833717443703,-0.0607852581040622
23.0,1.0,1.0,2826.0,5.0,3.0,7.0,0.1645833717443703,0.043896734816583
38.0,3.0,9.0,1054.0,5.0,3.0,29.0,0.1645833717443703,0.043896734816583
33.0,3.0,4.0,1038.0,5.0,2.0,29.0,0.1645833717443703,0.043896734816583
55.0,4.0,1.0,632.0,5.0,2.0,36.0,0.1645833717443703,0.043896734816583
16.0,4.0,13.0,401.0,5.0,1.0,36.0,0.1645833717443703,0.043896734816583
58.0,4.0,5.0,202.0,5.0,1.0,39.0,0.1645833717443703,0.043896734816583
57.0,1.0,10.0,3248.0,13.0,3.0,-7.0,0.1645833717443703,0.1158299228102953
38.0,2.0,2.0,2103.0,13.0,2.0,0.0,0.1645833717443703,0.1158299228102953
12.0,2.0,8.0,1921.0,13.0,2.0,0.0,0.1645833717443703,0.1158299228102953
63.0,3.0,11.0,1003.0,13.0,2.0,0.0,0.1645833717443703,0.1158299228102953
40.0,4.0,5.0,581.0,13.0,2.0,0.0,0.1645833717443703,0.1158299228102953
56.0,4.0,1.0,279.0,13.0,2.0,0.0,0.1645833717443703,0.1158299228102953
45.0,1.0,8.0,3343.0,18.0,3.0,0.0,0.1645833717443703,0.0837879414620563
18.0,1.0,10.0,3000.0,18.0,3.0,0.0,0.1645833717443703,0.0837879414620563
73.0,1.0,16.0,2800.0,18.0,3.0,3.0,0.1645833717443703,0.0837879414620563
90.0,2.0,6.0,1926.0,18.0,1.0,7.0,0.1645833717443703,0.0837879414620563
54.0,3.0,3.0,1379.0,18.0,3.0,8.0,0.1645833717443703,0.0837879414620563
54.0,3.0,13.0,1083.0,18.0,3.0,8.0,0.1645833717443703,0.0837879414620563
59.0,3.0,1.0,931.0,18.0,3.0,8.0,0.1645833717443703,0.0837879414620563
68.0,4.0,3.0,340.0,18.0,3.0,7.0,0.1645833717443703,0.0837879414620563
87.0,2.0,4.0,1875.0,3.0,2.0,14.0,0.1645833717443703,0.0254058724883176
68.0,3.0,3.0,1711.0,3.0,3.0,14.0,0.1645833717443703,0.0254058724883176
59.0,3.0,1.0,1408.0,3.0,3.0,14.0,0.1645833717443703,0.0254058724883176
71.0,3.0,1.0,1048.0,3.0,3.0,21.0,0.1645833717443703,0.0254058724883176
72.0,4.0,8.0,733.0,3.0,3.0,28.0,0.1645833717443703,0.0254058724883176
55.0,4.0,3.0,349.0,3.0,2.0,21.0,0.1645833717443703,0.0254058724883176
60.0,4.0,8.0,332.0,3.0,2.0,21.0,0.1645833717443703,0.0254058724883176
65.0,4.0,13.0,326.0,3.0,2.0,21.0,0.1645833717443703,0.0254058724883176
41.0,1.0,3.0,3136.0,10.0,2.0,0.0,0.1645833717443703,-0.0350976640992651
70.0,2.0,4.0,2353.0,10.0,0.0,-6.0,0.1645833717443703,-0.0350976640992651
45.0,2.0,6.0,2105.0,10.0,0.0,-6.0,0.1645833717443703,-0.0350976640992651
13.0,4.0,13.0,696.0,10.0,3.0,12.0,0.1645833717443703,-0.0350976640992651
27.0,1.0,16.0,3181.0,7.0,3.0,0.0,0.1645833717443703,0.1172728423783977
4.0,1.0,4.0,2862.0,7.0,3.0,3.0,0.1645833717443703,0.1172728423783977
52.0,2.0,5.0,2397.0,7.0,3.0,-1.0,0.1645833717443703,0.1172728423783977
24.0,2.0,7.0,1874.0,7.0,3.0,-1.0,0.1645833717443703,0.1172728423783977
43.0,3.0,3.0,1207.0,7.0,3.0,6.0,0.1645833717443703,0.1172728423783977
48.0,3.0,8.0,1197.0,7.0,3.0,6.0,0.1645833717443703,0.1172728423783977
29.0,4.0,3.0,814.0,7.0,3.0,6.0,0.1645833717443703,0.1172728423783977
89.0,4.0,1.0,559.0,7.0,2.0,9.0,0.1645833717443703,0.1172728423783977
68.0,4.0,2.0,328.0,7.0,2.0,9.0,0.1645833717443703,0.1172728423783977
73.0,4.0,7.0,307.0,7.0,2.0,9.0,0.1645833717443703,0.1172728423783977
45.0,4.0,6.0,30.0,7.0,0.0,18.0,0.1645833717443703,0.1172728423783977
55.0,2.0,1.0,2700.0,12.0,3.0,-7.0,0.1645833717443703,0.0231827123466004
72.0,2.0,8.0,2620.0,12.0,3.0,-14.0,0.1645833717443703,0.0231827123466004
31.0,2.0,12.0,2157.0,12.0,3.0,-14.0,0.1645833717443703,0.0231827123466004
18.0,3.0,1.0,1501.0,12.0,3.0,-8.0,0.1645833717443703,0.0231827123466004
16.0,4.0,5.0,271.0,12.0,1.0,-16.0,0.1645833717443703,0.0231827123466004
21.0,4.0,11.0,55.0,12.0,0.0,-16.0,0.1645833717443703,0.0231827123466004
23.0,1.0,7.0,2982.0,5.0,3.0,7.0,0.0792231791851609,-0.0742065893917212
62.0,3.0,14.0,1711.0,5.0,3.0,18.0,0.0792231791851609,-0.0742065893917212
45.0,3.0,9.0,951.0,5.0,3.0,25.0,0.0792231791851609,-0.0742065893917212
59.0,4.0,17.0,478.0,5.0,3.0,32.0,0.0792231791851609,-0.0742065893917212
64.0,4.0,22.0,478.0,5.0,3.0,32.0,0.0792231791851609,-0.0742065893917212
78.0,1.0,2.0,3364.0,15.0,3.0,0.0,0.0792231791851609,-0.1587740097129069
14.0,1.0,5.0,2778.0,15.0,3.0,0.0,0.0792231791851609,-0.1587740097129069
21.0,2.0,7.0,2135.0,15.0,2.0,3.0,0.0792231791851609,-0.1587740097129069
52.0,2.0,17.0,1872.0,15.0,2.0,13.0,0.0792231791851609,-0.1587740097129069
29.0,3.0,15.0,1288.0,15.0,3.0,10.0,0.0792231791851609,-0.1587740097129069
30.0,4.0,1.0,724.0,15.0,3.0,10.0,0.0792231791851609,-0.1587740097129069
64.0,4.0,1.0,392.0,15.0,2.0,14.0,0.0792231791851609,-0.1587740097129069
2.0,4.0,2.0,227.0,15.0,1.0,14.0,0.0792231791851609,-0.1587740097129069
8.0,1.0,3.0,3264.0,8.0,3.0,0.0,0.0792231791851609,-0.0598656638195314
80.0,1.0,24.0,2958.0,8.0,3.0,-3.0,0.0792231791851609,-0.0598656638195314
69.0,2.0,6.0,2418.0,8.0,3.0,-3.0,0.0792231791851609,-0.0598656638195314
66.0,2.0,7.0,2086.0,8.0,3.0,-10.0,0.0792231791851609,-0.0598656638195314
19.0,3.0,2.0,1314.0,8.0,3.0,-17.0,0.0792231791851609,-0.0598656638195314
24.0,3.0,7.0,1277.0,8.0,3.0,-17.0,0.0792231791851609,-0.0598656638195314
31.0,4.0,24.0,295.0,8.0,3.0,-14.0,0.0792231791851609,-0.0598656638195314
65.0,1.0,7.0,2959.0,5.0,3.0,0.0,0.0792231791851609,0.0623324216935607
59.0,2.0,9.0,2689.0,5.0,3.0,7.0,0.0792231791851609,0.0623324216935607
43.0,2.0,9.0,1989.0,5.0,3.0,7.0,0.0792231791851609,0.0623324216935607
61.0,3.0,4.0,1169.0,5.0,3.0,18.0,0.0792231791851609,0.0623324216935607
28.0,4.0,2.0,321.0,5.0,2.0,18.0,0.0792231791851609,0.0623324216935607
40.0,4.0,1.0,93.0,5.0,1.0,14.0,0.0792231791851609,0.0623324216935607
28.0,1.0,7.0,3344.0,3.0,3.0,0.0,0.0792231791851609,-0.0839467729790897
46.0,2.0,6.0,2276.0,3.0,2.0,17.0,0.0792231791851609,-0.0839467729790897
65.0,2.0,7.0,2035.0,3.0,2.0,17.0,0.0792231791851609,-0.0839467729790897
67.0,3.0,2.0,1709.0,3.0,3.0,17.0,0.0792231791851609,-0.0839467729790897
42.0,3.0,7.0,1409.0,3.0,3.0,17.0,0.0792231791851609,-0.0839467729790897
21.0,3.0,3.0,1060.0,3.0,3.0,17.0,0.0792231791851609,-0.0839467729790897
72.0,4.0,2.0,689.0,3.0,3.0,20.0,0.0792231791851609,-0.0839467729790897
77.0,1.0,12.0,2999.0,7.0,3.0,7.0,0.0792231791851609,-0.0240221090301881
84.0,1.0,13.0,2897.0,7.0,3.0,7.0,0.0792231791851609,-0.0240221090301881
27.0,2.0,7.0,2532.0,7.0,3.0,14.0,0.0792231791851609,-0.0240221090301881
55.0,2.0,21.0,2140.0,7.0,3.0,17.0,0.0792231791851609,-0.0240221090301881
71.0,2.0,1.0,1823.0,7.0,2.0,17.0,0.0792231791851609,-0.0240221090301881
40.0,3.0,20.0,1399.0,7.0,3.0,17.0,0.0792231791851609,-0.0240221090301881
62.0,3.0,12.0,1003.0,7.0,3.0,18.0,0.0792231791851609,-0.0240221090301881
37.0,4.0,4.0,606.0,7.0,2.0,10.0,0.0792231791851609,-0.0240221090301881
28.0,4.0,8.0,437.0,7.0,2.0,13.0,0.0792231791851609,-0.0240221090301881
74.0,4.0,9.0,201.0,7.0,2.0,8.0,0.0792231791851609,-0.0240221090301881
46.0,2.0,15.0,2700.0,7.0,3.0,0.0,0.0792231791851609,0.08708063585269
67.0,3.0,4.0,1615.0,7.0,3.0,3.0,0.0792231791851609,0.08708063585269
50.0,3.0,8.0,1052.0,7.0,3.0,-4.0,0.0792231791851609,0.08708063585269
8.0,4.0,3.0,120.0,7.0,2.0,-4.0,0.0792231791851609,0.08708063585269
55.0,4.0,2.0,26.0,7.0,0.0,-4.0,0.0792231791851609,0.08708063585269
74.0,1.0,4.0,3326.0,4.0,3.0,0.0,0.0792231791851609,-0.0009660005804004
61.0,1.0,7.0,2836.0,4.0,3.0,-7.0,0.0792231791851609,-0.0009660005804004
62.0,2.0,3.0,2419.0,4.0,2.0,0.0,0.0792231791851609,-0.0009660005804004
51.0,2.0,26.0,2135.0,4.0,2.0,0.0,0.0792231791851609,-0.0009660005804004
87.0,2.0,7.0,1825.0,4.0,2.0,-3.0,0.0792231791851609,-0.0009660005804004
43.0,3.0,3.0,934.0,4.0,2.0,4.0,0.0792231791851609,-0.0009660005804004
76.0,4.0,2.0,312.0,4.0,2.0,11.0,0.0792231791851609,-0.0009660005804004
30.0,4.0,4.0,133.0,4.0,2.0,11.0,0.0792231791851609,-0.0009660005804004
59.0,1.0,11.0,3503.0,13.0,3.0,0.0,0.0792231791851609,-0.0705246476824611
6.0,2.0,6.0,2136.0,13.0,3.0,0.0,0.0792231791851609,-0.0705246476824611
52.0,3.0,1.0,1485.0,13.0,3.0,-10.0,0.0792231791851609,-0.0705246476824611
48.0,3.0,1.0,1129.0,13.0,3.0,-13.0,0.0792231791851609,-0.0705246476824611
66.0,4.0,2.0,697.0,13.0,3.0,-6.0,0.0792231791851609,-0.0705246476824611
67.0,4.0,15.0,267.0,13.0,3.0,-6.0,0.0792231791851609,-0.0705246476824611
79.0,4.0,6.0,8.0,13.0,0.0,-6.0,0.0792231791851609,-0.0705246476824611
61.0,1.0,7.0,3544.0,6.0,3.0,0.0,0.0792231791851609,-0.1103616099590085
12.0,1.0,7.0,2814.0,6.0,3.0,-7.0,0.0792231791851609,-0.1103616099590085
9.0,2.0,9.0,2468.0,6.0,3.0,-4.0,0.0792231791851609,-0.1103616099590085
59.0,4.0,5.0,469.0,6.0,2.0,5.0,0.0792231791851609,-0.1103616099590085
10.0,4.0,6.0,18.0,6.0,1.0,-3.0,0.0792231791851609,-0.1103616099590085
73.0,5.0,8.0,485.0,6.0,2.0,0.0,0.0792231791851609,-0.1103616099590085
60.0,1.0,5.0,3470.0,14.0,3.0,0.0,0.0792231791851609,0.08708063585269
74.0,1.0,17.0,2981.0,14.0,3.0,-6.0,0.0792231791851609,0.08708063585269
72.0,2.0,7.0,2388.0,14.0,2.0,-2.0,0.0792231791851609,0.08708063585269
39.0,3.0,12.0,1452.0,14.0,3.0,-5.0,0.0792231791851609,0.08708063585269
85.0,3.0,15.0,1102.0,14.0,3.0,-5.0,0.0792231791851609,0.08708063585269
67.0,4.0,2.0,696.0,14.0,3.0,-12.0,0.0792231791851609,0.08708063585269
78.0,4.0,2.0,363.0,14.0,3.0,-12.0,0.0792231791851609,0.08708063585269
72.0,4.0,10.0,321.0,14.0,3.0,-12.0,0.0792231791851609,0.08708063585269
37.0,1.0,2.0,2732.0,9.0,3.0,-3.0,0.0792231791851609,-0.0640468378360922
13.0,2.0,4.0,2351.0,9.0,3.0,-3.0,0.0792231791851609,-0.0640468378360922
18.0,2.0,9.0,2337.0,9.0,3.0,-3.0,0.0792231791851609,-0.0640468378360922
17.0,2.0,7.0,1850.0,9.0,3.0,4.0,0.0792231791851609,-0.0640468378360922
62.0,3.0,4.0,1709.0,9.0,3.0,7.0,0.0792231791851609,-0.0640468378360922
4.0,4.0,4.0,498.0,9.0,2.0,14.0,0.0792231791851609,-0.0640468378360922
81.0,2.0,20.0,2643.0,18.0,3.0,0.0,0.0792231791851609,-0.0742065893917212
80.0,2.0,15.0,1920.0,18.0,2.0,0.0,0.0792231791851609,-0.0742065893917212
48.0,3.0,11.0,1180.0,18.0,3.0,8.0,0.0792231791851609,-0.0742065893917212
71.0,4.0,6.0,772.0,18.0,2.0,6.0,0.0792231791851609,-0.0742065893917212
44.0,4.0,5.0,120.0,18.0,2.0,-1.0,0.0792231791851609,-0.0742065893917212
27.0,2.0,5.0,2268.0,3.0,3.0,16.0,0.0792231791851609,-0.1532162216605156
66.0,3.0,1.0,1388.0,3.0,3.0,19.0,0.0792231791851609,-0.1532162216605156
34.0,4.0,20.0,242.0,3.0,2.0,33.0,0.0792231791851609,-0.1532162216605156
2.0,2.0,2.0,2081.0,3.0,3.0,14.0,0.0792231791851609,-0.0234325994787844
33.0,3.0,3.0,1558.0,3.0,3.0,17.0,0.0792231791851609,-0.0234325994787844
38.0,3.0,8.0,1552.0,3.0,3.0,17.0,0.0792231791851609,-0.0234325994787844
66.0,4.0,1.0,389.0,3.0,2.0,14.0,0.0792231791851609,-0.0234325994787844
16.0,1.0,8.0,3191.0,10.0,3.0,0.0,0.0792231791851609,-0.0839467729790897
39.0,2.0,3.0,2227.0,10.0,3.0,10.0,0.0792231791851609,-0.0839467729790897
24.0,4.0,1.0,559.0,10.0,3.0,35.0,0.0792231791851609,-0.0839467729790897
69.0,4.0,7.0,367.0,10.0,3.0,35.0,0.0792231791851609,-0.0839467729790897
93.0,4.0,7.0,73.0,10.0,2.0,35.0,0.0792231791851609,-0.0839467729790897
77.0,1.0,5.0,3420.0,1.0,3.0,0.0,0.0792231791851609,-0.1103616099590085
15.0,2.0,11.0,2402.0,1.0,3.0,-10.0,0.0792231791851609,-0.1103616099590085
71.0,2.0,31.0,1812.0,1.0,1.0,0.0,0.0792231791851609,-0.1103616099590085
88.0,3.0,5.0,1101.0,1.0,3.0,7.0,0.0792231791851609,-0.1103616099590085
34.0,4.0,7.0,736.0,1.0,3.0,4.0,0.0792231791851609,-0.1103616099590085
23.0,4.0,2.0,268.0,1.0,3.0,4.0,0.0792231791851609,-0.1103616099590085
33.0,4.0,12.0,263.0,1.0,3.0,4.0,0.0792231791851609,-0.1103616099590085
31.0,1.0,1.0,3284.0,13.0,2.0,0.0,0.0792231791851609,-0.0453079884668625
23.0,1.0,8.0,3160.0,13.0,2.0,0.0,0.0792231791851609,-0.0453079884668625
85.0,1.0,5.0,2993.0,13.0,1.0,0.0,0.0792231791851609,-0.0453079884668625
69.0,1.0,4.0,2759.0,13.0,1.0,-3.0,0.0792231791851609,-0.0453079884668625
74.0,1.0,9.0,2743.0,13.0,1.0,-3.0,0.0792231791851609,-0.0453079884668625
28.0,2.0,3.0,2452.0,13.0,1.0,-3.0,0.0792231791851609,-0.0453079884668625
58.0,2.0,14.0,2000.0,13.0,1.0,-3.0,0.0792231791851609,-0.0453079884668625
79.0,4.0,14.0,863.0,13.0,3.0,-14.0,0.0792231791851609,-0.0453079884668625
71.0,4.0,8.0,402.0,13.0,3.0,-14.0,0.0792231791851609,-0.0453079884668625
10.0,4.0,10.0,166.0,13.0,2.0,-14.0,0.0792231791851609,-0.0453079884668625
68.0,1.0,19.0,3024.0,,3.0,0.0,-0.0035601854403232,-0.0591133856420594
35.0,1.0,1.0,2814.0,,3.0,0.0,-0.0035601854403232,-0.0591133856420594
77.0,2.0,7.0,2656.0,,3.0,7.0,-0.0035601854403232,-0.0591133856420594
36.0,2.0,1.0,1873.0,,2.0,7.0,-0.0035601854403232,-0.0591133856420594
56.0,3.0,6.0,1699.0,,3.0,4.0,-0.0035601854403232,-0.0591133856420594
22.0,3.0,5.0,1409.0,,3.0,4.0,-0.0035601854403232,-0.0591133856420594
75.0,4.0,13.0,900.0,,3.0,7.0,-0.0035601854403232,-0.0591133856420594
29.0,4.0,2.0,42.0,,1.0,0.0,-0.0035601854403232,-0.0591133856420594
60.0,2.0,3.0,2532.0,2.0,3.0,-7.0,-0.0035601854403232,-0.0424186272815707
74.0,3.0,17.0,1115.0,2.0,3.0,-11.0,-0.0035601854403232,-0.0424186272815707
84.0,3.0,27.0,1104.0,2.0,3.0,-11.0,-0.0035601854403232,-0.0424186272815707
57.0,4.0,1.0,65.0,2.0,1.0,1.0,-0.0035601854403232,-0.0424186272815707
91.0,1.0,5.0,3359.0,,3.0,0.0,-0.0035601854403232,-0.0988063119033356
31.0,1.0,3.0,3057.0,,3.0,0.0,-0.0035601854403232,-0.0988063119033356
56.0,2.0,7.0,2667.0,,3.0,0.0,-0.0035601854403232,-0.0988063119033356
21.0,2.0,6.0,2410.0,,3.0,0.0,-0.0035601854403232,-0.0988063119033356
44.0,2.0,7.0,1834.0,,3.0,10.0,-0.0035601854403232,-0.0988063119033356
32.0,3.0,10.0,1641.0,,3.0,10.0,-0.0035601854403232,-0.0988063119033356
14.0,3.0,5.0,946.0,,3.0,6.0,-0.0035601854403232,-0.0988063119033356
84.0,4.0,19.0,26.0,,0.0,-1.0,-0.0035601854403232,-0.0988063119033356
67.0,1.0,8.0,3256.0,9.0,3.0,0.0,-0.0035601854403232,0.0011005030309583
52.0,1.0,2.0,3006.0,9.0,3.0,0.0,-0.0035601854403232,0.0011005030309583
93.0,1.0,7.0,2796.0,9.0,3.0,0.0,-0.0035601854403232,0.0011005030309583
50.0,2.0,3.0,1873.0,9.0,3.0,7.0,-0.0035601854403232,0.0011005030309583
55.0,2.0,8.0,1873.0,9.0,3.0,7.0,-0.0035601854403232,0.0011005030309583
22.0,2.0,19.0,1802.0,9.0,1.0,7.0,-0.0035601854403232,0.0011005030309583
71.0,3.0,6.0,1708.0,9.0,3.0,10.0,-0.0035601854403232,0.0011005030309583
83.0,3.0,19.0,1326.0,9.0,3.0,10.0,-0.0035601854403232,0.0011005030309583
28.0,4.0,8.0,823.0,9.0,3.0,10.0,-0.0035601854403232,0.0011005030309583
89.0,4.0,1.0,634.0,9.0,3.0,13.0,-0.0035601854403232,0.0011005030309583
2.0,4.0,2.0,114.0,9.0,3.0,13.0,-0.0035601854403232,0.0011005030309583
72.0,1.0,5.0,3511.0,4.0,3.0,0.0,-0.0035601854403232,0.0076780580368134
69.0,1.0,5.0,3386.0,4.0,3.0,-7.0,-0.0035601854403232,0.0076780580368134
55.0,1.0,2.0,2719.0,4.0,3.0,-7.0,-0.0035601854403232,0.0076780580368134
56.0,2.0,4.0,2182.0,4.0,3.0,-7.0,-0.0035601854403232,0.0076780580368134
5.0,2.0,4.0,1899.0,4.0,3.0,-7.0,-0.0035601854403232,0.0076780580368134
67.0,2.0,5.0,2451.0,16.0,3.0,14.0,-0.0035601854403232,-0.041395029736254
34.0,2.0,5.0,2228.0,16.0,3.0,14.0,-0.0035601854403232,-0.041395029736254
69.0,2.0,27.0,1819.0,16.0,3.0,11.0,-0.0035601854403232,-0.041395029736254
21.0,3.0,13.0,1206.0,16.0,3.0,18.0,-0.0035601854403232,-0.041395029736254
78.0,1.0,20.0,3257.0,7.0,3.0,0.0,-0.0035601854403232,0.027264893748704
71.0,1.0,6.0,2959.0,7.0,3.0,-3.0,-0.0035601854403232,0.027264893748704
27.0,2.0,11.0,2648.0,7.0,3.0,-3.0,-0.0035601854403232,0.027264893748704
40.0,2.0,13.0,2233.0,7.0,3.0,0.0,-0.0035601854403232,0.027264893748704
41.0,3.0,15.0,1354.0,7.0,2.0,-3.0,-0.0035601854403232,0.027264893748704
65.0,3.0,10.0,1129.0,7.0,2.0,-10.0,-0.0035601854403232,0.027264893748704
71.0,4.0,1.0,810.0,7.0,1.0,-10.0,-0.0035601854403232,0.027264893748704
62.0,4.0,7.0,703.0,7.0,1.0,-10.0,-0.0035601854403232,0.027264893748704
57.0,4.0,5.0,483.0,7.0,1.0,-17.0,-0.0035601854403232,0.027264893748704
62.0,4.0,10.0,483.0,7.0,1.0,-17.0,-0.0035601854403232,0.027264893748704
67.0,4.0,15.0,483.0,7.0,1.0,-17.0,-0.0035601854403232,0.027264893748704
76.0,4.0,11.0,382.0,7.0,1.0,-24.0,-0.0035601854403232,0.027264893748704
44.0,4.0,10.0,138.0,7.0,1.0,-24.0,-0.0035601854403232,0.027264893748704
49.0,1.0,2.0,3468.0,8.0,3.0,0.0,-0.0035601854403232,0.008025373455945
19.0,1.0,6.0,3338.0,8.0,3.0,0.0,-0.0035601854403232,0.008025373455945
40.0,1.0,9.0,2994.0,8.0,3.0,-4.0,-0.0035601854403232,0.008025373455945
45.0,1.0,14.0,2994.0,8.0,3.0,-4.0,-0.0035601854403232,0.008025373455945
63.0,2.0,8.0,2354.0,8.0,3.0,-11.0,-0.0035601854403232,0.008025373455945
72.0,2.0,5.0,2086.0,8.0,3.0,-11.0,-0.0035601854403232,0.008025373455945
64.0,3.0,2.0,1659.0,8.0,3.0,-14.0,-0.0035601854403232,0.008025373455945
1.0,3.0,1.0,1423.0,8.0,3.0,-14.0,-0.0035601854403232,0.008025373455945
73.0,3.0,1.0,1039.0,8.0,3.0,-7.0,-0.0035601854403232,0.008025373455945
28.0,1.0,9.0,3293.0,7.0,3.0,0.0,-0.0035601854403232,0.0297840916448986
30.0,1.0,3.0,2826.0,7.0,3.0,3.0,-0.0035601854403232,0.0297840916448986
81.0,2.0,14.0,2700.0,7.0,3.0,3.0,-0.0035601854403232,0.0297840916448986
78.0,2.0,4.0,2499.0,7.0,3.0,3.0,-0.0035601854403232,0.0297840916448986
64.0,2.0,7.0,2043.0,7.0,3.0,0.0,-0.0035601854403232,0.0297840916448986
55.0,2.0,3.0,1858.0,7.0,3.0,0.0,-0.0035601854403232,0.0297840916448986
44.0,3.0,15.0,1616.0,7.0,3.0,-3.0,-0.0035601854403232,0.0297840916448986
43.0,3.0,13.0,1237.0,7.0,3.0,-3.0,-0.0035601854403232,0.0297840916448986
73.0,3.0,16.0,1008.0,7.0,3.0,-3.0,-0.0035601854403232,0.0297840916448986
64.0,4.0,10.0,650.0,7.0,3.0,-12.0,-0.0035601854403232,0.0297840916448986
51.0,1.0,13.0,3367.0,13.0,3.0,0.0,-0.0035601854403232,-0.0223386577690943
62.0,1.0,16.0,2825.0,13.0,3.0,0.0,-0.0035601854403232,-0.0223386577690943
39.0,2.0,5.0,2475.0,13.0,3.0,0.0,-0.0035601854403232,-0.0223386577690943
44.0,2.0,10.0,2475.0,13.0,3.0,0.0,-0.0035601854403232,-0.0223386577690943
17.0,2.0,2.0,1935.0,13.0,3.0,0.0,-0.0035601854403232,-0.0223386577690943
43.0,2.0,1.0,1842.0,13.0,2.0,3.0,-0.0035601854403232,-0.0223386577690943
52.0,3.0,12.0,1435.0,13.0,3.0,6.0,-0.0035601854403232,-0.0223386577690943
73.0,3.0,4.0,1289.0,13.0,3.0,-1.0,-0.0035601854403232,-0.0223386577690943
85.0,4.0,30.0,865.0,13.0,3.0,-1.0,-0.0035601854403232,-0.0223386577690943
28.0,4.0,3.0,225.0,13.0,3.0,-1.0,-0.0035601854403232,-0.0223386577690943
53.0,1.0,10.0,3183.0,3.0,3.0,0.0,-0.0035601854403232,-0.0092090155087685
67.0,1.0,2.0,2891.0,3.0,3.0,0.0,-0.0035601854403232,-0.0092090155087685
34.0,1.0,4.0,2729.0,3.0,3.0,0.0,-0.0035601854403232,-0.0092090155087685
56.0,2.0,1.0,2451.0,3.0,3.0,3.0,-0.0035601854403232,-0.0092090155087685
1.0,2.0,1.0,2036.0,3.0,3.0,3.0,-0.0035601854403232,-0.0092090155087685
6.0,2.0,6.0,2036.0,3.0,3.0,3.0,-0.0035601854403232,-0.0092090155087685
46.0,3.0,9.0,1098.0,3.0,3.0,10.0,-0.0035601854403232,-0.0092090155087685
83.0,4.0,7.0,456.0,3.0,3.0,3.0,-0.0035601854403232,-0.0092090155087685
31.0,4.0,8.0,75.0,3.0,2.0,3.0,-0.0035601854403232,-0.0092090155087685
68.0,1.0,11.0,3031.0,9.0,3.0,0.0,-0.0035601854403232,-0.0023495398203251
53.0,2.0,12.0,1920.0,9.0,3.0,7.0,-0.0035601854403232,-0.0023495398203251
12.0,3.0,4.0,1349.0,9.0,3.0,4.0,-0.0035601854403232,-0.0023495398203251
17.0,3.0,9.0,1349.0,9.0,3.0,4.0,-0.0035601854403232,-0.0023495398203251
57.0,3.0,10.0,952.0,9.0,3.0,7.0,-0.0035601854403232,-0.0023495398203251
62.0,3.0,15.0,952.0,9.0,3.0,7.0,-0.0035601854403232,-0.0023495398203251
11.0,4.0,3.0,714.0,9.0,3.0,1.0,-0.0035601854403232,-0.0023495398203251
80.0,4.0,15.0,391.0,9.0,3.0,1.0,-0.0035601854403232,-0.0023495398203251
51.0,1.0,4.0,3388.0,16.0,3.0,0.0,-0.0035601854403232,-0.0092090155087685
78.0,1.0,5.0,3045.0,16.0,3.0,-3.0,-0.0035601854403232,-0.0092090155087685
75.0,2.0,10.0,2671.0,16.0,3.0,-10.0,-0.0035601854403232,-0.0092090155087685
75.0,2.0,7.0,2181.0,16.0,3.0,-17.0,-0.0035601854403232,-0.0092090155087685
32.0,2.0,3.0,2014.0,16.0,3.0,-17.0,-0.0035601854403232,-0.0092090155087685
37.0,3.0,14.0,1030.0,16.0,3.0,-18.0,-0.0035601854403232,-0.0092090155087685
70.0,4.0,11.0,610.0,16.0,3.0,-15.0,-0.0035601854403232,-0.0092090155087685
92.0,4.0,24.0,421.0,16.0,3.0,-9.0,-0.0035601854403232,-0.0092090155087685
55.0,4.0,1.0,185.0,16.0,2.0,-9.0,-0.0035601854403232,-0.0092090155087685
38.0,4.0,6.0,103.0,16.0,2.0,-9.0,-0.0035601854403232,-0.0092090155087685
55.0,4.0,6.0,60.0,16.0,0.0,-2.0,-0.0035601854403232,-0.0092090155087685
20.0,1.0,1.0,3375.0,12.0,3.0,0.0,-0.0035601854403232,0.0014618340201884
3.0,1.0,3.0,3164.0,12.0,3.0,0.0,-0.0035601854403232,0.0014618340201884
68.0,2.0,15.0,1845.0,12.0,3.0,0.0,-0.0035601854403232,0.0014618340201884
15.0,3.0,1.0,1109.0,12.0,3.0,-7.0,-0.0035601854403232,0.0014618340201884
20.0,3.0,6.0,1104.0,12.0,3.0,-7.0,-0.0035601854403232,0.0014618340201884
71.0,4.0,6.0,721.0,12.0,3.0,-11.0,-0.0035601854403232,0.0014618340201884
14.0,4.0,6.0,321.0,12.0,3.0,-14.0,-0.0035601854403232,0.0014618340201884
70.0,2.0,5.0,2661.0,5.0,3.0,-3.0,-0.0035601854403232,0.027264893748704
75.0,2.0,6.0,2476.0,5.0,3.0,-10.0,-0.0035601854403232,0.027264893748704
57.0,3.0,17.0,1576.0,5.0,3.0,-17.0,-0.0035601854403232,0.027264893748704
66.0,4.0,1.0,487.0,5.0,3.0,-20.0,-0.0035601854403232,0.027264893748704
40.0,1.0,6.0,3340.0,7.0,3.0,0.0,-0.0035601854403232,0.0570627815130535
50.0,1.0,6.0,2917.0,7.0,3.0,0.0,-0.0035601854403232,0.0570627815130535
23.0,2.0,1.0,2160.0,7.0,3.0,7.0,-0.0035601854403232,0.0570627815130535
5.0,2.0,5.0,2024.0,7.0,3.0,7.0,-0.0035601854403232,0.0570627815130535
33.0,3.0,1.0,1263.0,7.0,3.0,6.0,-0.0035601854403232,0.0570627815130535
28.0,3.0,7.0,1187.0,7.0,3.0,6.0,-0.0035601854403232,0.0570627815130535
88.0,3.0,11.0,969.0,7.0,3.0,9.0,-0.0035601854403232,0.0570627815130535
16.0,4.0,16.0,273.0,7.0,3.0,2.0,-0.0035601854403232,0.0570627815130535
66.0,4.0,1.0,23.0,7.0,1.0,-1.0,-0.0035601854403232,0.0570627815130535
45.0,2.0,2.0,2658.0,3.0,3.0,-3.0,-0.0035601854403232,-0.0023495398203251
77.0,2.0,7.0,2496.0,3.0,3.0,-3.0,-0.0035601854403232,-0.0023495398203251
59.0,2.0,8.0,2140.0,3.0,3.0,-3.0,-0.0035601854403232,-0.0023495398203251
43.0,2.0,11.0,1963.0,3.0,3.0,-3.0,-0.0035601854403232,-0.0023495398203251
6.0,2.0,6.0,1814.0,3.0,0.0,-3.0,-0.0035601854403232,-0.0023495398203251
58.0,3.0,2.0,1240.0,3.0,3.0,4.0,-0.0035601854403232,-0.0023495398203251
17.0,3.0,1.0,969.0,3.0,3.0,4.0,-0.0035601854403232,-0.0023495398203251
77.0,4.0,1.0,499.0,3.0,3.0,4.0,-0.0035601854403232,-0.0023495398203251
28.0,4.0,2.0,77.0,3.0,3.0,-3.0,-0.0035601854403232,-0.0023495398203251
70.0,4.0,10.0,16.0,3.0,2.0,0.0,-0.0035601854403232,-0.0023495398203251
53.0,5.0,9.0,391.0,3.0,2.0,0.0,-0.0035601854403232,-0.0023495398203251
51.0,1.0,1.0,3296.0,3.0,2.0,0.0,-0.0078812804555523,0.0516920690602333
65.0,1.0,9.0,3068.0,3.0,2.0,0.0,-0.0078812804555523,0.0516920690602333
6.0,1.0,3.0,2899.0,3.0,2.0,0.0,-0.0078812804555523,0.0516920690602333
68.0,2.0,5.0,2696.0,3.0,2.0,3.0,-0.0078812804555523,0.0516920690602333
51.0,2.0,12.0,2288.0,3.0,2.0,3.0,-0.0078812804555523,0.0516920690602333
64.0,3.0,9.0,1665.0,3.0,3.0,7.0,-0.0078812804555523,0.0516920690602333
62.0,4.0,6.0,615.0,3.0,3.0,21.0,-0.0078812804555523,0.0516920690602333
37.0,1.0,1.0,3012.0,6.0,3.0,7.0,-0.0078812804555523,-0.0052697864000928
1.0,2.0,1.0,2687.0,6.0,3.0,7.0,-0.0078812804555523,-0.0052697864000928
66.0,3.0,1.0,1289.0,6.0,3.0,14.0,-0.0078812804555523,-0.0052697864000928
40.0,4.0,1.0,556.0,6.0,3.0,14.0,-0.0078812804555523,-0.0052697864000928
72.0,4.0,12.0,414.0,6.0,3.0,7.0,-0.0078812804555523,-0.0052697864000928
33.0,4.0,9.0,143.0,6.0,3.0,0.0,-0.0078812804555523,-0.0052697864000928
69.0,1.0,4.0,3514.0,10.0,3.0,0.0,-0.0078812804555523,0.0886040607087883
80.0,2.0,15.0,2586.0,10.0,3.0,4.0,-0.0078812804555523,0.0886040607087883
38.0,3.0,5.0,1058.0,10.0,2.0,8.0,-0.0078812804555523,0.0886040607087883
52.0,4.0,8.0,403.0,10.0,2.0,5.0,-0.0078812804555523,0.0886040607087883
24.0,2.0,18.0,2577.0,10.0,3.0,11.0,-0.0078812804555523,0.0401938593065039
28.0,2.0,9.0,2039.0,10.0,3.0,14.0,-0.0078812804555523,0.0401938593065039
33.0,2.0,14.0,2024.0,10.0,3.0,14.0,-0.0078812804555523,0.0401938593065039
70.0,2.0,5.0,1917.0,10.0,3.0,17.0,-0.0078812804555523,0.0401938593065039
70.0,3.0,15.0,1740.0,10.0,3.0,10.0,-0.0078812804555523,0.0401938593065039
57.0,3.0,8.0,1320.0,10.0,3.0,7.0,-0.0078812804555523,0.0401938593065039
66.0,3.0,1.0,995.0,10.0,2.0,0.0,-0.0078812804555523,0.0401938593065039
2.0,4.0,2.0,255.0,10.0,2.0,0.0,-0.0078812804555523,0.0401938593065039
19.0,1.0,8.0,3187.0,3.0,3.0,0.0,-0.0078812804555523,0.0450175945626723
47.0,1.0,11.0,2878.0,3.0,3.0,3.0,-0.0078812804555523,0.0450175945626723
57.0,2.0,4.0,1920.0,3.0,2.0,3.0,-0.0078812804555523,0.0450175945626723
41.0,3.0,3.0,1656.0,3.0,3.0,0.0,-0.0078812804555523,0.0450175945626723
40.0,3.0,4.0,1554.0,3.0,3.0,0.0,-0.0078812804555523,0.0450175945626723
3.0,4.0,1.0,586.0,3.0,3.0,3.0,-0.0078812804555523,0.0450175945626723
7.0,4.0,5.0,586.0,3.0,3.0,3.0,-0.0078812804555523,0.0450175945626723
42.0,1.0,14.0,3282.0,3.0,3.0,0.0,-0.0078812804555523,-0.0519976970335451
38.0,1.0,16.0,2731.0,3.0,3.0,0.0,-0.0078812804555523,-0.0519976970335451
16.0,2.0,10.0,1908.0,3.0,3.0,0.0,-0.0078812804555523,-0.0519976970335451
79.0,2.0,1.0,1818.0,3.0,2.0,3.0,-0.0078812804555523,-0.0519976970335451
5.0,3.0,5.0,1484.0,3.0,3.0,3.0,-0.0078812804555523,-0.0519976970335451
14.0,1.0,3.0,2911.0,6.0,3.0,-7.0,-0.0078812804555523,-0.0187787310091106
75.0,2.0,10.0,2657.0,6.0,3.0,-7.0,-0.0078812804555523,-0.0187787310091106
16.0,2.0,5.0,2409.0,6.0,3.0,-7.0,-0.0078812804555523,-0.0187787310091106
94.0,3.0,29.0,1715.0,6.0,3.0,3.0,-0.0078812804555523,-0.0187787310091106
1.0,3.0,1.0,1363.0,6.0,3.0,3.0,-0.0078812804555523,-0.0187787310091106
49.0,4.0,1.0,815.0,6.0,3.0,7.0,-0.0078812804555523,-0.0187787310091106
37.0,4.0,9.0,689.0,6.0,3.0,7.0,-0.0078812804555523,-0.0187787310091106
50.0,4.0,10.0,24.0,6.0,0.0,3.0,-0.0078812804555523,-0.0187787310091106
56.0,1.0,9.0,3467.0,4.0,3.0,0.0,-0.0078812804555523,0.0096742195078323
4.0,1.0,4.0,3366.0,4.0,3.0,0.0,-0.0078812804555523,0.0096742195078323
72.0,1.0,7.0,3018.0,4.0,3.0,-4.0,-0.0078812804555523,0.0096742195078323
87.0,2.0,22.0,2665.0,4.0,3.0,-7.0,-0.0078812804555523,0.0096742195078323
64.0,2.0,28.0,2155.0,4.0,3.0,-7.0,-0.0078812804555523,0.0096742195078323
9.0,2.0,2.0,1920.0,4.0,3.0,-7.0,-0.0078812804555523,0.0096742195078323
12.0,4.0,1.0,136.0,4.0,3.0,8.0,-0.0078812804555523,0.0096742195078323
83.0,1.0,11.0,3349.0,7.0,3.0,0.0,-0.0078812804555523,0.0440237093254266
55.0,2.0,9.0,2513.0,7.0,3.0,7.0,-0.0078812804555523,0.0440237093254266
14.0,3.0,8.0,1409.0,7.0,3.0,11.0,-0.0078812804555523,0.0440237093254266
75.0,4.0,10.0,894.0,7.0,2.0,11.0,-0.0078812804555523,0.0440237093254266
23.0,4.0,14.0,516.0,7.0,1.0,11.0,-0.0078812804555523,0.0440237093254266
52.0,4.0,8.0,29.0,7.0,0.0,14.0,-0.0078812804555523,0.0440237093254266
43.0,1.0,8.0,3457.0,18.0,3.0,0.0,-0.0078812804555523,0.0010490319081859
87.0,1.0,14.0,3031.0,18.0,3.0,0.0,-0.0078812804555523,0.0010490319081859
45.0,2.0,2.0,2700.0,18.0,3.0,0.0,-0.0078812804555523,0.0010490319081859
45.0,2.0,2.0,2700.0,18.0,3.0,0.0,-0.0078812804555523,0.0010490319081859
14.0,2.0,10.0,1805.0,18.0,0.0,0.0,-0.0078812804555523,0.0010490319081859
93.0,3.0,9.0,1593.0,18.0,3.0,3.0,-0.0078812804555523,0.0010490319081859
41.0,3.0,26.0,1141.0,18.0,3.0,0.0,-0.0078812804555523,0.0010490319081859
19.0,4.0,4.0,511.0,18.0,3.0,0.0,-0.0078812804555523,0.0010490319081859
40.0,4.0,15.0,277.0,18.0,3.0,10.0,-0.0078812804555523,0.0010490319081859
41.0,4.0,10.0,120.0,18.0,3.0,10.0,-0.0078812804555523,0.0010490319081859
10.0,1.0,10.0,3268.0,14.0,3.0,0.0,-0.0078812804555523,0.0079741470113969
12.0,1.0,4.0,2828.0,14.0,3.0,3.0,-0.0078812804555523,0.0079741470113969
50.0,2.0,1.0,2517.0,14.0,3.0,6.0,-0.0078812804555523,0.0079741470113969
37.0,2.0,10.0,2096.0,14.0,3.0,-1.0,-0.0078812804555523,0.0079741470113969
6.0,3.0,6.0,1376.0,14.0,3.0,-1.0,-0.0078812804555523,0.0079741470113969
53.0,3.0,10.0,1074.0,14.0,3.0,2.0,-0.0078812804555523,0.0079741470113969
72.0,1.0,5.0,3178.0,3.0,3.0,-3.0,-0.0078812804555523,0.0488267718812096
53.0,1.0,7.0,2851.0,3.0,3.0,-3.0,-0.0078812804555523,0.0488267718812096
62.0,2.0,2.0,2651.0,3.0,3.0,-3.0,-0.0078812804555523,0.0488267718812096
8.0,2.0,7.0,2158.0,3.0,3.0,-3.0,-0.0078812804555523,0.0488267718812096
63.0,2.0,2.0,1988.0,3.0,3.0,0.0,-0.0078812804555523,0.0488267718812096
67.0,3.0,4.0,1579.0,3.0,3.0,-3.0,-0.0078812804555523,0.0488267718812096
44.0,4.0,1.0,863.0,3.0,3.0,-6.0,-0.0078812804555523,0.0488267718812096
64.0,4.0,5.0,463.0,3.0,3.0,-6.0,-0.0078812804555523,0.0488267718812096
82.0,4.0,1.0,262.0,3.0,3.0,-6.0,-0.0078812804555523,0.0488267718812096
18.0,4.0,2.0,66.0,3.0,2.0,-6.0,-0.0078812804555523,0.0488267718812096
66.0,1.0,1.0,3519.0,6.0,3.0,0.0,-0.0078812804555523,-0.0081376872908956
66.0,1.0,1.0,3200.0,6.0,2.0,0.0,-0.0078812804555523,-0.0081376872908956
24.0,1.0,6.0,2990.0,6.0,2.0,0.0,-0.0078812804555523,-0.0081376872908956
34.0,2.0,1.0,2500.0,6.0,2.0,3.0,-0.0078812804555523,-0.0081376872908956
17.0,2.0,7.0,1866.0,6.0,2.0,3.0,-0.0078812804555523,-0.0081376872908956
46.0,3.0,1.0,1346.0,6.0,3.0,6.0,-0.0078812804555523,-0.0081376872908956
88.0,3.0,13.0,930.0,6.0,3.0,6.0,-0.0078812804555523,-0.0081376872908956
13.0,4.0,4.0,202.0,6.0,3.0,6.0,-0.0078812804555523,-0.0081376872908956
7.0,1.0,1.0,3118.0,12.0,3.0,0.0,-0.0078812804555523,-0.0187787310091106
54.0,2.0,5.0,2474.0,12.0,3.0,-3.0,-0.0078812804555523,-0.0187787310091106
35.0,2.0,10.0,2136.0,12.0,3.0,-3.0,-0.0078812804555523,-0.0187787310091106
31.0,4.0,6.0,848.0,12.0,3.0,-10.0,-0.0078812804555523,-0.0187787310091106
54.0,4.0,4.0,574.0,12.0,3.0,-10.0,-0.0078812804555523,-0.0187787310091106
67.0,4.0,13.0,190.0,12.0,0.0,-10.0,-0.0078812804555523,-0.0187787310091106
53.0,1.0,2.0,3490.0,16.0,3.0,0.0,-0.0078812804555523,-0.0527323920945903
3.0,1.0,3.0,3185.0,16.0,3.0,0.0,-0.0078812804555523,-0.0527323920945903
37.0,1.0,7.0,2928.0,16.0,3.0,3.0,-0.0078812804555523,-0.0527323920945903
9.0,2.0,4.0,2566.0,16.0,3.0,3.0,-0.0078812804555523,-0.0527323920945903
60.0,3.0,3.0,1103.0,16.0,2.0,8.0,-0.0078812804555523,-0.0527323920945903
3.0,4.0,3.0,853.0,16.0,2.0,8.0,-0.0078812804555523,-0.0527323920945903
83.0,4.0,9.0,306.0,16.0,2.0,11.0,-0.0078812804555523,-0.0527323920945903
12.0,2.0,5.0,2652.0,0.0,3.0,-3.0,-0.0078812804555523,-0.0081376872908956
85.0,2.0,1.0,2333.0,0.0,3.0,0.0,-0.0078812804555523,-0.0081376872908956
33.0,3.0,3.0,1475.0,0.0,3.0,7.0,-0.0078812804555523,-0.0081376872908956
50.0,3.0,7.0,952.0,0.0,2.0,7.0,-0.0078812804555523,-0.0081376872908956
42.0,4.0,12.0,527.0,0.0,2.0,4.0,-0.0078812804555523,-0.0081376872908956
56.0,4.0,2.0,265.0,0.0,2.0,4.0,-0.0078812804555523,-0.0081376872908956
55.0,1.0,5.0,3476.0,5.0,3.0,0.0,-0.0078812804555523,0.0450175945626723
28.0,2.0,1.0,2339.0,5.0,3.0,-17.0,-0.0078812804555523,0.0450175945626723
55.0,3.0,5.0,1653.0,5.0,3.0,-17.0,-0.0078812804555523,0.0450175945626723
8.0,3.0,8.0,1537.0,5.0,3.0,-17.0,-0.0078812804555523,0.0450175945626723
33.0,3.0,4.0,1024.0,5.0,2.0,-17.0,-0.0078812804555523,0.0450175945626723
9.0,4.0,5.0,739.0,5.0,2.0,-14.0,-0.0078812804555523,0.0450175945626723
90.0,4.0,11.0,573.0,5.0,2.0,-11.0,-0.0078812804555523,0.0450175945626723
45.0,4.0,9.0,363.0,5.0,0.0,-11.0,-0.0078812804555523,0.0450175945626723
28.0,2.0,1.0,2393.0,5.0,2.0,-9.0,-0.0078812804555523,0.0450175945626723
4.0,2.0,4.0,1810.0,5.0,0.0,-2.0,-0.0078812804555523,0.0450175945626723
59.0,3.0,4.0,1637.0,5.0,3.0,1.0,-0.0078812804555523,0.0450175945626723
74.0,4.0,9.0,608.0,5.0,3.0,-7.0,-0.0078812804555523,0.0450175945626723
61.0,4.0,19.0,283.0,5.0,3.0,-7.0,-0.0078812804555523,0.0450175945626723
37.0,4.0,1.0,120.0,5.0,2.0,-7.0,-0.0078812804555523,0.0450175945626723
27.0,4.0,20.0,8.0,5.0,1.0,-7.0,-0.0078812804555523,0.0450175945626723
91.0,1.0,9.0,3480.0,2.0,3.0,0.0,0.0552846949191425,0.0356235036487485
56.0,2.0,24.0,2579.0,2.0,3.0,7.0,0.0552846949191425,0.0356235036487485
56.0,2.0,9.0,1921.0,2.0,3.0,4.0,0.0552846949191425,0.0356235036487485
61.0,2.0,14.0,1921.0,2.0,3.0,4.0,0.0552846949191425,0.0356235036487485
63.0,4.0,16.0,621.0,2.0,2.0,13.0,0.0552846949191425,0.0356235036487485
21.0,4.0,21.0,254.0,2.0,2.0,13.0,0.0552846949191425,0.0356235036487485
50.0,4.0,8.0,64.0,2.0,0.0,16.0,0.0552846949191425,0.0356235036487485
41.0,1.0,10.0,2903.0,4.0,3.0,7.0,0.0552846949191425,-0.0228677656538209
73.0,2.0,5.0,2611.0,4.0,3.0,7.0,0.0552846949191425,-0.0228677656538209
26.0,2.0,2.0,2359.0,4.0,3.0,0.0,0.0552846949191425,-0.0228677656538209
22.0,2.0,19.0,1805.0,4.0,0.0,0.0,0.0552846949191425,-0.0228677656538209
63.0,4.0,4.0,467.0,4.0,2.0,10.0,0.0552846949191425,-0.0228677656538209
92.0,2.0,9.0,2447.0,3.0,3.0,7.0,0.0552846949191425,0.022102367979096
81.0,2.0,16.0,1920.0,3.0,2.0,-3.0,0.0552846949191425,0.022102367979096
57.0,3.0,3.0,1567.0,3.0,3.0,-3.0,0.0552846949191425,0.022102367979096
71.0,3.0,6.0,1371.0,3.0,3.0,-6.0,0.0552846949191425,0.022102367979096
32.0,4.0,2.0,458.0,3.0,3.0,-2.0,0.0552846949191425,0.022102367979096
55.0,4.0,9.0,148.0,3.0,3.0,1.0,0.0552846949191425,0.022102367979096
72.0,4.0,7.0,108.0,3.0,2.0,3.0,0.0552846949191425,0.022102367979096
43.0,4.0,2.0,6.0,3.0,0.0,0.0,0.0552846949191425,0.022102367979096
44.0,5.0,6.0,426.0,3.0,2.0,0.0,0.0552846949191425,0.022102367979096
47.0,5.0,3.0,205.0,3.0,1.0,0.0,0.0552846949191425,0.022102367979096
70.0,1.0,4.0,3470.0,1.0,3.0,0.0,0.0552846949191425,0.1358371945108868
76.0,1.0,6.0,3163.0,1.0,3.0,0.0,0.0552846949191425,0.1358371945108868
77.0,1.0,13.0,2751.0,1.0,3.0,4.0,0.0552846949191425,0.1358371945108868
37.0,3.0,1.0,1504.0,1.0,2.0,18.0,0.0552846949191425,0.1358371945108868
48.0,3.0,23.0,1381.0,1.0,2.0,18.0,0.0552846949191425,0.1358371945108868
55.0,3.0,1.0,1024.0,1.0,2.0,18.0,0.0552846949191425,0.1358371945108868
63.0,4.0,10.0,719.0,1.0,2.0,18.0,0.0552846949191425,0.1358371945108868
63.0,4.0,8.0,142.0,1.0,2.0,25.0,0.0552846949191425,0.1358371945108868
68.0,4.0,13.0,142.0,1.0,2.0,25.0,0.0552846949191425,0.1358371945108868
41.0,1.0,10.0,3466.0,13.0,3.0,0.0,0.0552846949191425,0.0525944584563759
4.0,2.0,4.0,2545.0,13.0,3.0,7.0,0.0552846949191425,0.0525944584563759
23.0,2.0,2.0,1819.0,13.0,1.0,7.0,0.0552846949191425,0.0525944584563759
49.0,3.0,5.0,1514.0,13.0,3.0,7.0,0.0552846949191425,0.0525944584563759
46.0,3.0,9.0,1101.0,13.0,3.0,7.0,0.0552846949191425,0.0525944584563759
86.0,4.0,16.0,678.0,13.0,3.0,7.0,0.0552846949191425,0.0525944584563759
67.0,4.0,2.0,348.0,13.0,3.0,2.0,0.0552846949191425,0.0525944584563759
72.0,4.0,7.0,20.0,13.0,0.0,-7.0,0.0552846949191425,0.0525944584563759
23.0,1.0,1.0,3330.0,8.0,3.0,0.0,0.0552846949191425,-0.0272876794491963
10.0,1.0,4.0,2707.0,8.0,3.0,0.0,0.0552846949191425,-0.0272876794491963
5.0,2.0,5.0,2416.0,8.0,3.0,3.0,0.0552846949191425,-0.0272876794491963
46.0,2.0,3.0,1812.0,8.0,1.0,12.0,0.0552846949191425,-0.0272876794491963
69.0,3.0,11.0,1626.0,8.0,3.0,15.0,0.0552846949191425,-0.0272876794491963
76.0,3.0,11.0,1319.0,8.0,3.0,5.0,0.0552846949191425,-0.0272876794491963
2.0,4.0,2.0,772.0,8.0,3.0,5.0,0.0552846949191425,-0.0272876794491963
19.0,4.0,1.0,259.0,8.0,3.0,8.0,0.0552846949191425,-0.0272876794491963
7.0,1.0,1.0,3342.0,16.0,3.0,0.0,0.0552846949191425,-0.0058965188757587
70.0,3.0,10.0,1062.0,16.0,2.0,35.0,0.0552846949191425,-0.0058965188757587
14.0,4.0,11.0,573.0,16.0,2.0,29.0,0.0552846949191425,-0.0058965188757587
75.0,4.0,5.0,201.0,16.0,2.0,32.0,0.0552846949191425,-0.0058965188757587
35.0,2.0,5.0,2520.0,,3.0,0.0,0.0552846949191425,-0.0817312050118902
57.0,2.0,3.0,2260.0,,3.0,0.0,0.0552846949191425,-0.0817312050118902
62.0,2.0,8.0,2260.0,,3.0,0.0,0.0552846949191425,-0.0817312050118902
50.0,2.0,7.0,2052.0,,3.0,0.0,0.0552846949191425,-0.0817312050118902
72.0,3.0,17.0,1663.0,,3.0,7.0,0.0552846949191425,-0.0817312050118902
53.0,3.0,8.0,1347.0,,3.0,7.0,0.0552846949191425,-0.0817312050118902
54.0,3.0,4.0,1018.0,,3.0,7.0,0.0552846949191425,-0.0817312050118902
30.0,4.0,3.0,572.0,,3.0,14.0,0.0552846949191425,-0.0817312050118902
70.0,1.0,13.0,3398.0,6.0,3.0,0.0,0.0552846949191425,-0.0550134424328989
89.0,1.0,3.0,3102.0,6.0,3.0,0.0,0.0552846949191425,-0.0550134424328989
26.0,3.0,3.0,1669.0,6.0,3.0,14.0,0.0552846949191425,-0.0550134424328989
52.0,3.0,1.0,1467.0,6.0,3.0,17.0,0.0552846949191425,-0.0550134424328989
38.0,3.0,2.0,1345.0,6.0,3.0,17.0,0.0552846949191425,-0.0550134424328989
13.0,3.0,6.0,1111.0,6.0,3.0,17.0,0.0552846949191425,-0.0550134424328989
5.0,4.0,5.0,31.0,6.0,1.0,34.0,0.0552846949191425,-0.0550134424328989
19.0,1.0,5.0,2913.0,4.0,3.0,11.0,0.0552846949191425,0.1358371945108868
58.0,2.0,8.0,2693.0,4.0,3.0,14.0,0.0552846949191425,0.1358371945108868
41.0,2.0,7.0,2078.0,4.0,3.0,11.0,0.0552846949191425,0.1358371945108868
36.0,2.0,2.0,2078.0,4.0,3.0,11.0,0.0552846949191425,0.1358371945108868
37.0,2.0,16.0,1947.0,4.0,3.0,11.0,0.0552846949191425,0.1358371945108868
55.0,4.0,26.0,900.0,4.0,2.0,7.0,0.0552846949191425,0.1358371945108868
59.0,4.0,7.0,303.0,4.0,2.0,1.0,0.0552846949191425,0.1358371945108868
83.0,1.0,18.0,3056.0,1.0,3.0,4.0,0.0552846949191425,-0.0228677656538209
63.0,1.0,4.0,2867.0,1.0,3.0,4.0,0.0552846949191425,-0.0228677656538209
47.0,2.0,8.0,2599.0,1.0,3.0,4.0,0.0552846949191425,-0.0228677656538209
7.0,3.0,4.0,1145.0,1.0,3.0,8.0,0.0552846949191425,-0.0228677656538209
29.0,3.0,4.0,930.0,1.0,3.0,11.0,0.0552846949191425,-0.0228677656538209
48.0,4.0,6.0,640.0,1.0,3.0,14.0,0.0552846949191425,-0.0228677656538209
48.0,1.0,7.0,3021.0,5.0,3.0,-3.0,0.0552846949191425,-0.0051663605002779
27.0,2.0,1.0,2058.0,5.0,2.0,4.0,0.0552846949191425,-0.0051663605002779
24.0,2.0,15.0,1876.0,5.0,2.0,4.0,0.0552846949191425,-0.0051663605002779
51.0,2.0,14.0,1808.0,5.0,1.0,7.0,0.0552846949191425,-0.0051663605002779
30.0,3.0,11.0,1558.0,5.0,3.0,7.0,0.0552846949191425,-0.0051663605002779
41.0,3.0,1.0,1378.0,5.0,2.0,10.0,0.0552846949191425,-0.0051663605002779
44.0,3.0,15.0,1282.0,5.0,2.0,10.0,0.0552846949191425,-0.0051663605002779
72.0,4.0,5.0,697.0,5.0,1.0,10.0,0.0552846949191425,-0.0051663605002779
26.0,4.0,1.0,182.0,5.0,1.0,3.0,0.0552846949191425,-0.0051663605002779
65.0,1.0,1.0,3407.0,5.0,3.0,0.0,0.0552846949191425,0.010483676302109
55.0,1.0,10.0,2947.0,5.0,3.0,-3.0,0.0552846949191425,0.010483676302109
13.0,2.0,5.0,1812.0,5.0,1.0,-6.0,0.0552846949191425,0.010483676302109
28.0,3.0,2.0,1507.0,5.0,3.0,-3.0,0.0552846949191425,0.010483676302109
15.0,4.0,2.0,681.0,5.0,3.0,-2.0,0.0552846949191425,0.010483676302109
63.0,4.0,1.0,489.0,5.0,3.0,1.0,0.0552846949191425,0.010483676302109
71.0,5.0,6.0,547.0,5.0,2.0,0.0,0.0552846949191425,0.010483676302109
25.0,1.0,21.0,3086.0,13.0,3.0,0.0,0.0552846949191425,0.0467258801058441
72.0,1.0,22.0,2772.0,13.0,3.0,3.0,0.0552846949191425,0.0467258801058441
57.0,3.0,15.0,1521.0,13.0,3.0,10.0,0.0552846949191425,0.0467258801058441
38.0,3.0,7.0,1162.0,13.0,3.0,3.0,0.0552846949191425,0.0467258801058441
43.0,3.0,12.0,1162.0,13.0,3.0,3.0,0.0552846949191425,0.0467258801058441
7.0,4.0,7.0,483.0,13.0,3.0,10.0,0.0552846949191425,0.0467258801058441
16.0,4.0,7.0,365.0,13.0,3.0,13.0,0.0552846949191425,0.0467258801058441
30.0,4.0,3.0,30.0,13.0,1.0,16.0,0.0552846949191425,0.0467258801058441
67.0,1.0,8.0,3546.0,8.0,3.0,0.0,0.0552846949191425,0.0456454860154318
10.0,1.0,6.0,2761.0,8.0,3.0,-5.0,0.0552846949191425,0.0456454860154318
1.0,2.0,1.0,2378.0,8.0,2.0,-2.0,0.0552846949191425,0.0456454860154318
23.0,2.0,13.0,2227.0,8.0,2.0,5.0,0.0552846949191425,0.0456454860154318
1.0,3.0,1.0,1067.0,8.0,3.0,18.0,0.0552846949191425,0.0456454860154318
6.0,3.0,6.0,1063.0,8.0,3.0,18.0,0.0552846949191425,0.0456454860154318
40.0,4.0,11.0,630.0,8.0,3.0,21.0,0.0552846949191425,0.0456454860154318
40.0,4.0,11.0,630.0,8.0,3.0,21.0,0.0552846949191425,0.0456454860154318
69.0,4.0,8.0,285.0,8.0,3.0,14.0,0.0552846949191425,0.0456454860154318
58.0,1.0,7.0,2726.0,7.0,3.0,-3.0,0.0552846949191425,0.0303623591290062
35.0,2.0,7.0,1892.0,7.0,3.0,8.0,0.0552846949191425,0.0303623591290062
55.0,3.0,2.0,1270.0,7.0,3.0,22.0,0.0552846949191425,0.0303623591290062
60.0,3.0,7.0,1248.0,7.0,3.0,22.0,0.0552846949191425,0.0303623591290062
74.0,1.0,3.0,3320.0,15.0,3.0,0.0,0.0552846949191425,0.0525944584563759
72.0,1.0,7.0,2805.0,15.0,3.0,-7.0,0.0552846949191425,0.0525944584563759
53.0,2.0,7.0,2267.0,15.0,3.0,-7.0,0.0552846949191425,0.0525944584563759
59.0,2.0,13.0,2256.0,15.0,3.0,-7.0,0.0552846949191425,0.0525944584563759
81.0,3.0,16.0,1707.0,15.0,3.0,0.0,0.0552846949191425,0.0525944584563759
84.0,3.0,15.0,1410.0,15.0,3.0,0.0,0.0552846949191425,0.0525944584563759
51.0,3.0,9.0,1077.0,15.0,3.0,0.0,0.0552846949191425,0.0525944584563759
49.0,4.0,8.0,618.0,15.0,3.0,-7.0,0.0552846949191425,0.0525944584563759
42.0,4.0,1.0,123.0,15.0,0.0,-10.0,0.0552846949191425,0.0525944584563759
18.0,4.0,14.0,20.0,15.0,0.0,-10.0,0.0552846949191425,0.0525944584563759
34.0,1.0,3.0,3220.0,16.0,3.0,0.0,0.0552846949191425,0.0356235036487485
79.0,1.0,2.0,2908.0,16.0,3.0,3.0,0.0552846949191425,0.0356235036487485
78.0,2.0,10.0,2074.0,16.0,3.0,7.0,0.0552846949191425,0.0356235036487485
72.0,2.0,7.0,2006.0,16.0,3.0,0.0,0.0552846949191425,0.0356235036487485
73.0,2.0,20.0,1815.0,16.0,2.0,0.0,0.0552846949191425,0.0356235036487485
49.0,3.0,1.0,1032.0,16.0,3.0,7.0,0.0552846949191425,0.0356235036487485
26.0,4.0,3.0,247.0,16.0,1.0,21.0,0.0552846949191425,0.0356235036487485
25.0,4.0,14.0,120.0,16.0,1.0,21.0,0.0552846949191425,0.0356235036487485
72.0,1.0,7.0,3516.0,7.0,3.0,0.0,0.0552846949191425,0.0722404381038727
66.0,1.0,1.0,3098.0,7.0,3.0,-7.0,0.0552846949191425,0.0722404381038727
68.0,2.0,9.0,2040.0,7.0,3.0,-7.0,0.0552846949191425,0.0722404381038727
53.0,2.0,4.0,1912.0,7.0,2.0,-7.0,0.0552846949191425,0.0722404381038727
74.0,3.0,6.0,1641.0,7.0,3.0,-10.0,0.0552846949191425,0.0722404381038727
49.0,3.0,17.0,1062.0,7.0,3.0,-10.0,0.0552846949191425,0.0722404381038727
82.0,4.0,3.0,527.0,7.0,3.0,-10.0,0.0552846949191425,0.0722404381038727
25.0,4.0,5.0,158.0,7.0,2.0,-10.0,0.0552846949191425,0.0722404381038727
50.0,1.0,5.0,2883.0,8.0,3.0,0.0,0.1788138703019205,-0.0037420540640214
50.0,2.0,3.0,2385.0,8.0,3.0,-3.0,0.1788138703019205,-0.0037420540640214
35.0,2.0,8.0,1915.0,8.0,3.0,-6.0,0.1788138703019205,-0.0037420540640214
45.0,3.0,11.0,1411.0,8.0,2.0,-10.0,0.1788138703019205,-0.0037420540640214
22.0,4.0,1.0,394.0,8.0,1.0,-10.0,0.1788138703019205,-0.0037420540640214
14.0,4.0,4.0,298.0,8.0,1.0,-10.0,0.1788138703019205,-0.0037420540640214
30.0,1.0,6.0,3214.0,10.0,3.0,0.0,0.1788138703019205,-0.0056453116853473
79.0,1.0,9.0,2843.0,10.0,3.0,3.0,0.1788138703019205,-0.0056453116853473
77.0,2.0,7.0,2656.0,10.0,3.0,3.0,0.1788138703019205,-0.0056453116853473
25.0,2.0,5.0,2164.0,10.0,3.0,0.0,0.1788138703019205,-0.0056453116853473
38.0,2.0,8.0,1950.0,10.0,2.0,3.0,0.1788138703019205,-0.0056453116853473
75.0,4.0,5.0,464.0,10.0,2.0,7.0,0.1788138703019205,-0.0056453116853473
76.0,4.0,16.0,147.0,10.0,2.0,0.0,0.1788138703019205,-0.0056453116853473
59.0,4.0,10.0,1.0,10.0,0.0,-3.0,0.1788138703019205,-0.0056453116853473
62.0,2.0,4.0,2368.0,,3.0,11.0,0.1788138703019205,-0.0498802499511436
44.0,2.0,1.0,2166.0,,3.0,11.0,0.1788138703019205,-0.0498802499511436
49.0,2.0,6.0,2153.0,,3.0,11.0,0.1788138703019205,-0.0498802499511436
62.0,3.0,20.0,1015.0,,3.0,22.0,0.1788138703019205,-0.0498802499511436
72.0,3.0,30.0,1003.0,,3.0,22.0,0.1788138703019205,-0.0498802499511436
28.0,4.0,2.0,644.0,,3.0,22.0,0.1788138703019205,-0.0498802499511436
40.0,4.0,3.0,334.0,,3.0,10.0,0.1788138703019205,-0.0498802499511436
80.0,3.0,20.0,1743.0,8.0,3.0,18.0,0.1788138703019205,0.0022534434625669
72.0,3.0,12.0,1445.0,8.0,3.0,11.0,0.1788138703019205,0.0022534434625669
49.0,4.0,6.0,445.0,8.0,3.0,25.0,0.1788138703019205,0.0022534434625669
45.0,4.0,6.0,206.0,8.0,3.0,25.0,0.1788138703019205,0.0022534434625669
50.0,1.0,7.0,2916.0,10.0,3.0,7.0,0.1788138703019205,-0.0447347795591714
65.0,2.0,5.0,2531.0,10.0,3.0,0.0,0.1788138703019205,-0.0447347795591714
77.0,2.0,1.0,1914.0,10.0,3.0,5.0,0.1788138703019205,-0.0447347795591714
75.0,2.0,10.0,1844.0,10.0,2.0,5.0,0.1788138703019205,-0.0447347795591714
38.0,4.0,6.0,100.0,10.0,0.0,-3.0,0.1788138703019205,-0.0447347795591714
27.0,1.0,11.0,2930.0,8.0,3.0,-3.0,0.1788138703019205,-0.0577648863872087
90.0,1.0,20.0,2711.0,8.0,3.0,0.0,0.1788138703019205,-0.0577648863872087
13.0,3.0,12.0,1402.0,8.0,3.0,4.0,0.1788138703019205,-0.0577648863872087
21.0,4.0,2.0,383.0,8.0,2.0,7.0,0.1788138703019205,-0.0577648863872087
57.0,1.0,28.0,3071.0,8.0,3.0,-7.0,0.1788138703019205,-0.0163795906375036
10.0,2.0,10.0,1807.0,8.0,1.0,4.0,0.1788138703019205,-0.0163795906375036
34.0,3.0,7.0,1645.0,8.0,3.0,7.0,0.1788138703019205,-0.0163795906375036
4.0,3.0,3.0,1077.0,8.0,3.0,17.0,0.1788138703019205,-0.0163795906375036
48.0,4.0,10.0,103.0,8.0,3.0,10.0,0.1788138703019205,-0.0163795906375036
7.0,1.0,1.0,3228.0,4.0,3.0,0.0,0.1788138703019205,-0.0075832932125213
31.0,2.0,21.0,2516.0,4.0,3.0,-3.0,0.1788138703019205,-0.0075832932125213
86.0,2.0,9.0,2372.0,4.0,3.0,0.0,0.1788138703019205,-0.0075832932125213
85.0,2.0,14.0,1928.0,4.0,3.0,-3.0,0.1788138703019205,-0.0075832932125213
44.0,3.0,5.0,1399.0,4.0,3.0,-3.0,0.1788138703019205,-0.0075832932125213
32.0,4.0,8.0,783.0,4.0,3.0,-3.0,0.1788138703019205,-0.0075832932125213
85.0,4.0,14.0,558.0,4.0,3.0,-3.0,0.1788138703019205,-0.0075832932125213
24.0,4.0,10.0,3.0,4.0,0.0,-5.0,0.1788138703019205,-0.0075832932125213
42.0,1.0,16.0,3440.0,3.0,3.0,0.0,0.1788138703019205,0.0813702224357847
15.0,2.0,6.0,2527.0,3.0,3.0,7.0,0.1788138703019205,0.0813702224357847
19.0,4.0,2.0,773.0,3.0,3.0,28.0,0.1788138703019205,0.0813702224357847
80.0,4.0,5.0,348.0,3.0,3.0,31.0,0.1788138703019205,0.0813702224357847
80.0,4.0,5.0,330.0,3.0,3.0,31.0,0.1788138703019205,0.0813702224357847
64.0,1.0,4.0,3181.0,6.0,1.0,-7.0,0.1788138703019205,-0.0447347795591714
80.0,2.0,6.0,2366.0,6.0,1.0,0.0,0.1788138703019205,-0.0447347795591714
75.0,2.0,5.0,2048.0,6.0,1.0,0.0,0.1788138703019205,-0.0447347795591714
68.0,3.0,8.0,1708.0,6.0,3.0,-7.0,0.1788138703019205,-0.0447347795591714
64.0,3.0,17.0,1448.0,6.0,3.0,-14.0,0.1788138703019205,-0.0447347795591714
70.0,1.0,10.0,3228.0,5.0,3.0,-3.0,0.1788138703019205,0.0108895288197452
29.0,1.0,6.0,3014.0,5.0,3.0,-3.0,0.1788138703019205,0.0108895288197452
32.0,1.0,11.0,2802.0,5.0,3.0,-3.0,0.1788138703019205,0.0108895288197452
53.0,2.0,6.0,2558.0,5.0,3.0,-3.0,0.1788138703019205,0.0108895288197452
71.0,2.0,11.0,2179.0,5.0,3.0,-6.0,0.1788138703019205,0.0108895288197452
36.0,3.0,10.0,1277.0,5.0,3.0,-5.0,0.1788138703019205,0.0108895288197452
89.0,4.0,13.0,873.0,5.0,3.0,-5.0,0.1788138703019205,0.0108895288197452
70.0,1.0,20.0,3097.0,6.0,3.0,-7.0,0.1788138703019205,0.0675122795370726
79.0,1.0,5.0,2831.0,6.0,3.0,-7.0,0.1788138703019205,0.0675122795370726
84.0,2.0,1.0,1920.0,6.0,3.0,-3.0,0.1788138703019205,0.0675122795370726
27.0,3.0,4.0,1473.0,6.0,3.0,1.0,0.1788138703019205,0.0675122795370726
61.0,3.0,1.0,1058.0,6.0,3.0,1.0,0.1788138703019205,0.0675122795370726
25.0,4.0,1.0,900.0,6.0,3.0,1.0,0.1788138703019205,0.0675122795370726
81.0,4.0,15.0,194.0,6.0,3.0,14.0,0.1788138703019205,0.0675122795370726
16.0,1.0,9.0,3265.0,7.0,3.0,0.0,0.1788138703019205,0.0981739862236613
68.0,2.0,14.0,2700.0,7.0,3.0,9.0,0.1788138703019205,0.0981739862236613
94.0,2.0,5.0,2465.0,7.0,3.0,9.0,0.1788138703019205,0.0981739862236613
71.0,2.0,6.0,2170.0,7.0,3.0,2.0,0.1788138703019205,0.0981739862236613
29.0,3.0,19.0,1500.0,7.0,3.0,-2.0,0.1788138703019205,0.0981739862236613
61.0,3.0,1.0,1206.0,7.0,3.0,-2.0,0.1788138703019205,0.0981739862236613
35.0,3.0,7.0,986.0,7.0,3.0,-2.0,0.1788138703019205,0.0981739862236613
56.0,4.0,5.0,699.0,7.0,3.0,-2.0,0.1788138703019205,0.0981739862236613
61.0,4.0,10.0,690.0,7.0,3.0,-2.0,0.1788138703019205,0.0981739862236613
58.0,4.0,8.0,378.0,7.0,3.0,-9.0,0.1788138703019205,0.0981739862236613
49.0,1.0,1.0,3220.0,6.0,3.0,0.0,0.1788138703019205,-0.0600305186130822
54.0,1.0,6.0,3208.0,6.0,3.0,0.0,0.1788138703019205,-0.0600305186130822
68.0,4.0,6.0,241.0,6.0,2.0,21.0,0.1788138703019205,-0.0600305186130822
42.0,1.0,19.0,3361.0,15.0,3.0,0.0,0.1788138703019205,0.0108895288197452
58.0,2.0,11.0,2618.0,15.0,3.0,0.0,0.1788138703019205,0.0108895288197452
33.0,2.0,8.0,1908.0,15.0,3.0,7.0,0.1788138703019205,0.0108895288197452
62.0,3.0,2.0,1499.0,15.0,3.0,7.0,0.1788138703019205,0.0108895288197452
6.0,4.0,1.0,194.0,15.0,3.0,14.0,0.1788138703019205,0.0108895288197452
34.0,1.0,9.0,2871.0,2.0,3.0,7.0,0.1788138703019205,0.0743341523349275
55.0,2.0,20.0,2611.0,2.0,3.0,10.0,0.1788138703019205,0.0743341523349275
52.0,2.0,10.0,1829.0,2.0,2.0,15.0,0.1788138703019205,0.0743341523349275
63.0,4.0,8.0,693.0,2.0,3.0,29.0,0.1788138703019205,0.0743341523349275
50.0,4.0,14.0,212.0,2.0,3.0,29.0,0.1788138703019205,0.0743341523349275
47.0,1.0,4.0,3267.0,16.0,3.0,0.0,0.1788138703019205,-0.0075832932125213
9.0,1.0,1.0,2865.0,16.0,2.0,7.0,0.1788138703019205,-0.0075832932125213
23.0,2.0,3.0,1983.0,16.0,2.0,11.0,0.1788138703019205,-0.0075832932125213
46.0,2.0,4.0,1810.0,16.0,0.0,11.0,0.1788138703019205,-0.0075832932125213
52.0,2.0,10.0,1804.0,16.0,0.0,11.0,0.1788138703019205,-0.0075832932125213
38.0,3.0,4.0,1308.0,16.0,3.0,18.0,0.1788138703019205,-0.0075832932125213
43.0,3.0,9.0,1308.0,16.0,3.0,18.0,0.1788138703019205,-0.0075832932125213
57.0,3.0,8.0,1100.0,16.0,3.0,18.0,0.1788138703019205,-0.0075832932125213
70.0,4.0,2.0,33.0,16.0,2.0,25.0,0.1788138703019205,-0.0075832932125213
46.0,2.0,7.0,2655.0,12.0,3.0,7.0,0.1788138703019205,0.0108895288197452
51.0,3.0,2.0,1597.0,12.0,3.0,21.0,0.1788138703019205,0.0108895288197452
69.0,3.0,9.0,1054.0,12.0,3.0,14.0,0.1788138703019205,0.0108895288197452
60.0,4.0,1.0,659.0,12.0,3.0,14.0,0.1788138703019205,0.0108895288197452
55.0,4.0,10.0,530.0,12.0,3.0,14.0,0.1788138703019205,0.0108895288197452
8.0,2.0,8.0,2026.0,4.0,2.0,-7.0,0.1788138703019205,0.0022534434625669
29.0,3.0,12.0,1491.0,4.0,3.0,-11.0,0.1788138703019205,0.0022534434625669
61.0,4.0,1.0,610.0,4.0,3.0,-5.0,0.1788138703019205,0.0022534434625669
34.0,1.0,22.0,2923.0,8.0,3.0,-7.0,0.0243494798961783,0.0150480318158651
31.0,2.0,24.0,1835.0,8.0,2.0,7.0,0.0243494798961783,0.0150480318158651
67.0,3.0,10.0,1285.0,8.0,3.0,8.0,0.0243494798961783,0.0150480318158651
59.0,4.0,4.0,447.0,8.0,3.0,15.0,0.0243494798961783,0.0150480318158651
62.0,4.0,3.0,93.0,8.0,3.0,2.0,0.0243494798961783,0.0150480318158651
73.0,1.0,7.0,3171.0,3.0,3.0,0.0,0.0243494798961783,0.0549371281709241
25.0,1.0,7.0,2890.0,3.0,3.0,0.0,0.0243494798961783,0.0549371281709241
76.0,2.0,8.0,2700.0,3.0,3.0,3.0,0.0243494798961783,0.0549371281709241
85.0,2.0,4.0,2216.0,3.0,3.0,10.0,0.0243494798961783,0.0549371281709241
87.0,2.0,1.0,1920.0,3.0,3.0,10.0,0.0243494798961783,0.0549371281709241
91.0,2.0,5.0,1920.0,3.0,3.0,10.0,0.0243494798961783,0.0549371281709241
68.0,2.0,4.0,1810.0,3.0,1.0,7.0,0.0243494798961783,0.0549371281709241
14.0,3.0,14.0,1649.0,3.0,3.0,7.0,0.0243494798961783,0.0549371281709241
2.0,3.0,2.0,1513.0,3.0,2.0,10.0,0.0243494798961783,0.0549371281709241
66.0,1.0,3.0,2815.0,4.0,3.0,0.0,0.0243494798961783,0.059913396982174
2.0,2.0,2.0,1890.0,4.0,3.0,-7.0,0.0243494798961783,0.059913396982174
60.0,3.0,10.0,1127.0,4.0,3.0,0.0,0.0243494798961783,0.059913396982174
23.0,4.0,13.0,584.0,4.0,3.0,-7.0,0.0243494798961783,0.059913396982174
68.0,4.0,9.0,272.0,4.0,3.0,-7.0,0.0243494798961783,0.059913396982174
79.0,2.0,15.0,2218.0,10.0,3.0,1.0,0.0243494798961783,0.0060429306748603
59.0,2.0,1.0,1981.0,10.0,3.0,-6.0,0.0243494798961783,0.0060429306748603
14.0,3.0,5.0,1346.0,10.0,3.0,-17.0,0.0243494798961783,0.0060429306748603
76.0,4.0,2.0,867.0,10.0,3.0,-17.0,0.0243494798961783,0.0060429306748603
62.0,4.0,3.0,753.0,10.0,3.0,-24.0,0.0243494798961783,0.0060429306748603
35.0,4.0,5.0,618.0,10.0,3.0,-24.0,0.0243494798961783,0.0060429306748603
9.0,1.0,3.0,2821.0,2.0,3.0,-7.0,0.0243494798961783,0.1104364667509515
89.0,2.0,24.0,2386.0,2.0,3.0,-7.0,0.0243494798961783,0.1104364667509515
94.0,2.0,29.0,2373.0,2.0,3.0,-7.0,0.0243494798961783,0.1104364667509515
63.0,2.0,9.0,2051.0,2.0,2.0,-14.0,0.0243494798961783,0.1104364667509515
72.0,3.0,2.0,1478.0,2.0,3.0,-28.0,0.0243494798961783,0.1104364667509515
77.0,3.0,7.0,1475.0,2.0,3.0,-28.0,0.0243494798961783,0.1104364667509515
62.0,4.0,7.0,546.0,2.0,3.0,-34.0,0.0243494798961783,0.1104364667509515
19.0,1.0,14.0,3146.0,15.0,3.0,0.0,0.0243494798961783,0.1201356873603659
34.0,2.0,3.0,2656.0,15.0,2.0,3.0,0.0243494798961783,0.1201356873603659
53.0,2.0,8.0,2110.0,15.0,1.0,0.0,0.0243494798961783,0.1201356873603659
1.0,2.0,1.0,1812.0,15.0,0.0,0.0,0.0243494798961783,0.1201356873603659
71.0,3.0,1.0,1439.0,15.0,3.0,-14.0,0.0243494798961783,0.1201356873603659
51.0,4.0,12.0,511.0,15.0,3.0,-14.0,0.0243494798961783,0.1201356873603659
15.0,4.0,10.0,231.0,15.0,3.0,-14.0,0.0243494798961783,0.1201356873603659
73.0,4.0,6.0,54.0,15.0,0.0,-14.0,0.0243494798961783,0.1201356873603659
58.0,4.0,6.0,28.0,15.0,0.0,-14.0,0.0243494798961783,0.1201356873603659
